demand_id,component_id,requested_date,requested_qty,source_type,product_id,customer_id,created_at,note
DM0000001,C004,2026-04-05,5921,FCST_AUTO,P001,CUS001,2026-02-26,製品FCSTから自動展開
DM0000002,C010,2026-04-14,5883,FCST_AUTO,P001,CUS001,2026-03-03,製品FCSTから自動展開
DM0000003,C024,2026-04-12,4000,FCST_AUTO,P001,CUS001,2026-03-08,製品FCSTから自動展開
DM0000004,C047,2026-04-17,51,FCST_AUTO,P001,CUS001,2026-02-26,製品FCSTから自動展開
DM0000005,C061,2026-04-22,49,FCST_AUTO,P001,CUS001,2026-03-10,製品FCSTから自動展開
DM0000006,C084,2026-04-16,35,FCST_AUTO,P001,CUS001,2026-02-26,製品FCSTから自動展開
DM0000007,C090,2026-04-23,170,FCST_AUTO,P001,CUS001,2026-03-07,製品FCSTから自動展開
DM0000008,C002,2026-04-21,211,FCST_AUTO,P002,CUS001,2026-03-21,製品FCSTから自動展開
DM0000009,C004,2026-04-06,6000,FCST_AUTO,P002,CUS001,2026-03-14,製品FCSTから自動展開
DM0000010,C024,2026-04-07,4000,FCST_AUTO,P002,CUS001,2026-03-20,製品FCSTから自動展開
DM0000011,C045,2026-04-15,71,FCST_AUTO,P002,CUS001,2026-03-10,製品FCSTから自動展開
DM0000012,C059,2026-04-13,59,FCST_AUTO,P002,CUS001,2026-03-05,製品FCSTから自動展開
DM0000013,C084,2026-04-06,141,FCST_AUTO,P002,CUS001,2026-03-03,製品FCSTから自動展開
DM0000014,C087,2026-04-22,271,FCST_AUTO,P002,CUS001,2026-03-21,製品FCSTから自動展開
DM0000015,C019,2026-04-17,85,FCST_AUTO,P003,CUS001,2026-03-05,製品FCSTから自動展開
DM0000016,C001,2026-04-14,155,FCST_AUTO,P003,CUS001,2026-03-19,製品FCSTから自動展開
DM0000017,C032,2026-04-25,219,FCST_AUTO,P003,CUS001,2026-03-19,製品FCSTから自動展開
DM0000018,C041,2026-04-24,350,FCST_AUTO,P003,CUS001,2026-03-09,製品FCSTから自動展開
DM0000019,C053,2026-04-19,122,FCST_AUTO,P003,CUS001,2026-03-02,製品FCSTから自動展開
DM0000020,C081,2026-04-22,4000,FCST_AUTO,P003,CUS001,2026-03-21,製品FCSTから自動展開
DM0000021,C086,2026-04-08,181,FCST_AUTO,P003,CUS001,2026-03-07,製品FCSTから自動展開
DM0000022,C004,2026-04-06,6000,FCST_AUTO,P004,CUS001,2026-03-11,製品FCSTから自動展開
DM0000023,C013,2026-04-14,300,FCST_AUTO,P004,CUS001,2026-03-12,製品FCSTから自動展開
DM0000024,C025,2026-04-10,134,FCST_AUTO,P004,CUS001,2026-03-17,製品FCSTから自動展開
DM0000025,C047,2026-04-09,60,FCST_AUTO,P004,CUS001,2026-03-02,製品FCSTから自動展開
DM0000026,C059,2026-04-18,98,FCST_AUTO,P004,CUS001,2026-03-16,製品FCSTから自動展開
DM0000027,C082,2026-04-16,267,FCST_AUTO,P004,CUS001,2026-03-14,製品FCSTから自動展開
DM0000028,C090,2026-04-19,214,FCST_AUTO,P004,CUS001,2026-03-16,製品FCSTから自動展開
DM0000029,C020,2026-04-06,247,FCST_AUTO,P005,CUS001,2026-03-14,製品FCSTから自動展開
DM0000030,C019,2026-04-25,77,FCST_AUTO,P005,CUS001,2026-03-06,製品FCSTから自動展開
DM0000031,C032,2026-04-24,227,FCST_AUTO,P005,CUS001,2026-03-04,製品FCSTから自動展開
DM0000032,C036,2026-04-09,311,FCST_AUTO,P005,CUS001,2026-03-06,製品FCSTから自動展開
DM0000033,C054,2026-04-19,5027,FCST_AUTO,P005,CUS001,2026-03-05,製品FCSTから自動展開
DM0000034,C077,2026-04-10,156,FCST_AUTO,P005,CUS001,2026-03-10,製品FCSTから自動展開
DM0000035,C086,2026-04-17,233,FCST_AUTO,P005,CUS001,2026-03-21,製品FCSTから自動展開
DM0000036,C014,2026-04-10,381,FCST_AUTO,P026,CUS001,2026-03-10,製品FCSTから自動展開
DM0000037,C030,2026-04-06,277,FCST_AUTO,P026,CUS001,2026-03-16,製品FCSTから自動展開
DM0000038,C044,2026-04-15,185,FCST_AUTO,P026,CUS001,2026-03-14,製品FCSTから自動展開
DM0000039,C080,2026-04-22,365,FCST_AUTO,P026,CUS001,2026-03-07,製品FCSTから自動展開
DM0000040,C071,2026-04-11,4104,FCST_AUTO,P026,CUS001,2026-03-05,製品FCSTから自動展開
DM0000041,C055,2026-04-25,4000,FCST_AUTO,P026,CUS001,2026-03-13,製品FCSTから自動展開
DM0000042,C005,2026-04-08,122,FCST_AUTO,P027,CUS001,2026-03-01,製品FCSTから自動展開
DM0000043,C031,2026-04-11,136,FCST_AUTO,P027,CUS001,2026-02-26,製品FCSTから自動展開
DM0000044,C043,2026-04-16,167,FCST_AUTO,P027,CUS001,2026-03-21,製品FCSTから自動展開
DM0000045,C077,2026-04-19,190,FCST_AUTO,P027,CUS001,2026-03-11,製品FCSTから自動展開
DM0000046,C073,2026-04-06,96,FCST_AUTO,P027,CUS001,2026-03-06,製品FCSTから自動展開
DM0000047,C060,2026-04-25,123,FCST_AUTO,P027,CUS001,2026-03-03,製品FCSTから自動展開
DM0000048,C003,2026-04-19,4000,FCST_AUTO,P028,CUS001,2026-03-11,製品FCSTから自動展開
DM0000049,C024,2026-04-15,4000,FCST_AUTO,P028,CUS001,2026-03-16,製品FCSTから自動展開
DM0000050,C040,2026-04-09,4000,FCST_AUTO,P028,CUS001,2026-03-10,製品FCSTから自動展開
DM0000051,C081,2026-04-06,4000,FCST_AUTO,P028,CUS001,2026-03-03,製品FCSTから自動展開
DM0000052,C069,2026-04-09,4000,FCST_AUTO,P028,CUS001,2026-03-13,製品FCSTから自動展開
DM0000053,C055,2026-04-09,4000,FCST_AUTO,P028,CUS001,2026-02-26,製品FCSTから自動展開
DM0000054,C015,2026-04-13,244,FCST_AUTO,P029,CUS001,2026-03-09,製品FCSTから自動展開
DM0000055,C032,2026-04-20,194,FCST_AUTO,P029,CUS001,2026-03-13,製品FCSTから自動展開
DM0000056,C045,2026-04-17,393,FCST_AUTO,P029,CUS001,2026-03-10,製品FCSTから自動展開
DM0000057,C084,2026-04-19,134,FCST_AUTO,P029,CUS001,2026-03-04,製品FCSTから自動展開
DM0000058,C074,2026-04-13,6000,FCST_AUTO,P029,CUS001,2026-03-01,製品FCSTから自動展開
DM0000059,C065,2026-04-06,340,FCST_AUTO,P029,CUS001,2026-03-06,製品FCSTから自動展開
DM0000060,C004,2026-04-10,5616,FCST_AUTO,P030,CUS001,2026-03-21,製品FCSTから自動展開
DM0000061,C025,2026-04-09,110,FCST_AUTO,P030,CUS001,2026-03-10,製品FCSTから自動展開
DM0000062,C050,2026-04-17,288,FCST_AUTO,P030,CUS001,2026-03-17,製品FCSTから自動展開
DM0000063,C084,2026-04-23,115,FCST_AUTO,P030,CUS001,2026-03-14,製品FCSTから自動展開
DM0000064,C070,2026-04-17,354,FCST_AUTO,P030,CUS001,2026-03-10,製品FCSTから自動展開
DM0000065,C060,2026-04-16,309,FCST_AUTO,P030,CUS001,2026-03-17,製品FCSTから自動展開
DM0000066,C004,2026-05-16,5741,FCST_AUTO,P001,CUS001,2026-03-13,製品FCSTから自動展開
DM0000067,C010,2026-05-23,5311,FCST_AUTO,P001,CUS001,2026-02-28,製品FCSTから自動展開
DM0000068,C024,2026-05-08,153,FCST_AUTO,P001,CUS001,2026-03-06,製品FCSTから自動展開
DM0000069,C047,2026-05-13,46,FCST_AUTO,P001,CUS001,2026-03-02,製品FCSTから自動展開
DM0000070,C061,2026-05-16,47,FCST_AUTO,P001,CUS001,2026-03-08,製品FCSTから自動展開
DM0000071,C084,2026-05-24,257,FCST_AUTO,P001,CUS001,2026-03-05,製品FCSTから自動展開
DM0000072,C090,2026-05-08,112,FCST_AUTO,P001,CUS001,2026-03-13,製品FCSTから自動展開
DM0000073,C002,2026-05-07,92,FCST_AUTO,P002,CUS001,2026-03-03,製品FCSTから自動展開
DM0000074,C004,2026-05-17,5693,FCST_AUTO,P002,CUS001,2026-02-28,製品FCSTから自動展開
DM0000075,C024,2026-05-09,292,FCST_AUTO,P002,CUS001,2026-03-16,製品FCSTから自動展開
DM0000076,C045,2026-05-15,126,FCST_AUTO,P002,CUS001,2026-03-02,製品FCSTから自動展開
DM0000077,C059,2026-05-14,183,FCST_AUTO,P002,CUS001,2026-03-19,製品FCSTから自動展開
DM0000078,C084,2026-05-25,43,FCST_AUTO,P002,CUS001,2026-03-16,製品FCSTから自動展開
DM0000079,C087,2026-05-12,175,FCST_AUTO,P002,CUS001,2026-03-07,製品FCSTから自動展開
DM0000080,C019,2026-05-20,78,FCST_AUTO,P003,CUS001,2026-03-07,製品FCSTから自動展開
DM0000081,C001,2026-05-06,74,FCST_AUTO,P003,CUS001,2026-03-19,製品FCSTから自動展開
DM0000082,C032,2026-05-19,156,FCST_AUTO,P003,CUS001,2026-03-09,製品FCSTから自動展開
DM0000083,C041,2026-05-15,58,FCST_AUTO,P003,CUS001,2026-03-21,製品FCSTから自動展開
DM0000084,C053,2026-05-21,175,FCST_AUTO,P003,CUS001,2026-02-28,製品FCSTから自動展開
DM0000085,C081,2026-05-07,176,FCST_AUTO,P003,CUS001,2026-03-21,製品FCSTから自動展開
DM0000086,C086,2026-05-10,110,FCST_AUTO,P003,CUS001,2026-03-14,製品FCSTから自動展開
DM0000087,C004,2026-05-09,6000,FCST_AUTO,P004,CUS001,2026-02-26,製品FCSTから自動展開
DM0000088,C013,2026-05-18,198,FCST_AUTO,P004,CUS001,2026-03-04,製品FCSTから自動展開
DM0000089,C025,2026-05-05,79,FCST_AUTO,P004,CUS001,2026-03-09,製品FCSTから自動展開
DM0000090,C047,2026-05-13,50,FCST_AUTO,P004,CUS001,2026-03-01,製品FCSTから自動展開
DM0000091,C059,2026-05-22,79,FCST_AUTO,P004,CUS001,2026-03-21,製品FCSTから自動展開
DM0000092,C082,2026-05-20,170,FCST_AUTO,P004,CUS001,2026-03-05,製品FCSTから自動展開
DM0000093,C090,2026-05-15,93,FCST_AUTO,P004,CUS001,2026-03-19,製品FCSTから自動展開
DM0000094,C020,2026-05-18,302,FCST_AUTO,P005,CUS001,2026-03-02,製品FCSTから自動展開
DM0000095,C019,2026-05-16,52,FCST_AUTO,P005,CUS001,2026-03-14,製品FCSTから自動展開
DM0000096,C032,2026-05-14,303,FCST_AUTO,P005,CUS001,2026-03-08,製品FCSTから自動展開
DM0000097,C036,2026-05-14,99,FCST_AUTO,P005,CUS001,2026-03-18,製品FCSTから自動展開
DM0000098,C054,2026-05-19,4612,FCST_AUTO,P005,CUS001,2026-03-12,製品FCSTから自動展開
DM0000099,C077,2026-05-13,50,FCST_AUTO,P005,CUS001,2026-02-26,製品FCSTから自動展開
DM0000100,C086,2026-05-15,198,FCST_AUTO,P005,CUS001,2026-03-20,製品FCSTから自動展開
DM0000101,C014,2026-05-19,161,FCST_AUTO,P026,CUS001,2026-03-01,製品FCSTから自動展開
DM0000102,C030,2026-05-08,280,FCST_AUTO,P026,CUS001,2026-02-28,製品FCSTから自動展開
DM0000103,C044,2026-05-13,372,FCST_AUTO,P026,CUS001,2026-03-08,製品FCSTから自動展開
DM0000104,C080,2026-05-23,114,FCST_AUTO,P026,CUS001,2026-03-15,製品FCSTから自動展開
DM0000105,C071,2026-05-11,4086,FCST_AUTO,P026,CUS001,2026-03-05,製品FCSTから自動展開
DM0000106,C055,2026-05-20,179,FCST_AUTO,P026,CUS001,2026-03-06,製品FCSTから自動展開
DM0000107,C005,2026-05-23,126,FCST_AUTO,P027,CUS001,2026-03-05,製品FCSTから自動展開
DM0000108,C031,2026-05-05,95,FCST_AUTO,P027,CUS001,2026-03-04,製品FCSTから自動展開
DM0000109,C043,2026-05-13,342,FCST_AUTO,P027,CUS001,2026-03-17,製品FCSTから自動展開
DM0000110,C077,2026-05-17,397,FCST_AUTO,P027,CUS001,2026-03-05,製品FCSTから自動展開
DM0000111,C073,2026-05-23,187,FCST_AUTO,P027,CUS001,2026-03-12,製品FCSTから自動展開
DM0000112,C060,2026-05-19,351,FCST_AUTO,P027,CUS001,2026-03-21,製品FCSTから自動展開
DM0000113,C003,2026-05-19,57,FCST_AUTO,P028,CUS001,2026-03-07,製品FCSTから自動展開
DM0000114,C024,2026-05-24,165,FCST_AUTO,P028,CUS001,2026-03-09,製品FCSTから自動展開
DM0000115,C040,2026-05-19,310,FCST_AUTO,P028,CUS001,2026-03-06,製品FCSTから自動展開
DM0000116,C081,2026-05-19,308,FCST_AUTO,P028,CUS001,2026-03-21,製品FCSTから自動展開
DM0000117,C069,2026-05-12,133,FCST_AUTO,P028,CUS001,2026-03-13,製品FCSTから自動展開
DM0000118,C055,2026-05-21,125,FCST_AUTO,P028,CUS001,2026-03-04,製品FCSTから自動展開
DM0000119,C015,2026-05-21,242,FCST_AUTO,P029,CUS001,2026-03-06,製品FCSTから自動展開
DM0000120,C032,2026-05-16,184,FCST_AUTO,P029,CUS001,2026-03-01,製品FCSTから自動展開
DM0000121,C045,2026-05-07,184,FCST_AUTO,P029,CUS001,2026-03-16,製品FCSTから自動展開
DM0000122,C084,2026-05-09,292,FCST_AUTO,P029,CUS001,2026-03-18,製品FCSTから自動展開
DM0000123,C074,2026-05-20,6000,FCST_AUTO,P029,CUS001,2026-03-18,製品FCSTから自動展開
DM0000124,C065,2026-05-05,249,FCST_AUTO,P029,CUS001,2026-03-04,製品FCSTから自動展開
DM0000125,C004,2026-05-21,5782,FCST_AUTO,P030,CUS001,2026-03-11,製品FCSTから自動展開
DM0000126,C025,2026-05-12,171,FCST_AUTO,P030,CUS001,2026-03-05,製品FCSTから自動展開
DM0000127,C050,2026-05-09,335,FCST_AUTO,P030,CUS001,2026-03-11,製品FCSTから自動展開
DM0000128,C084,2026-05-15,138,FCST_AUTO,P030,CUS001,2026-03-11,製品FCSTから自動展開
DM0000129,C070,2026-05-16,298,FCST_AUTO,P030,CUS001,2026-03-08,製品FCSTから自動展開
DM0000130,C060,2026-05-15,57,FCST_AUTO,P030,CUS001,2026-03-18,製品FCSTから自動展開
DM0000131,C004,2026-06-22,86,FCST_AUTO,P001,CUS001,2026-03-13,製品FCSTから自動展開
DM0000132,C010,2026-06-24,281,FCST_AUTO,P001,CUS001,2026-03-07,製品FCSTから自動展開
DM0000133,C024,2026-06-22,177,FCST_AUTO,P001,CUS001,2026-03-14,製品FCSTから自動展開
DM0000134,C047,2026-06-22,61,FCST_AUTO,P001,CUS001,2026-03-13,製品FCSTから自動展開
DM0000135,C061,2026-06-14,41,FCST_AUTO,P001,CUS001,2026-03-06,製品FCSTから自動展開
DM0000136,C084,2026-06-18,164,FCST_AUTO,P001,CUS001,2026-03-07,製品FCSTから自動展開
DM0000137,C090,2026-06-07,201,FCST_AUTO,P001,CUS001,2026-03-07,製品FCSTから自動展開
DM0000138,C002,2026-06-10,262,FCST_AUTO,P002,CUS001,2026-03-04,製品FCSTから自動展開
DM0000139,C004,2026-06-05,124,FCST_AUTO,P002,CUS001,2026-03-18,製品FCSTから自動展開
DM0000140,C024,2026-06-12,135,FCST_AUTO,P002,CUS001,2026-03-17,製品FCSTから自動展開
DM0000141,C045,2026-06-09,262,FCST_AUTO,P002,CUS001,2026-03-03,製品FCSTから自動展開
DM0000142,C059,2026-06-08,187,FCST_AUTO,P002,CUS001,2026-03-20,製品FCSTから自動展開
DM0000143,C084,2026-06-12,286,FCST_AUTO,P002,CUS001,2026-02-26,製品FCSTから自動展開
DM0000144,C087,2026-06-10,357,FCST_AUTO,P002,CUS001,2026-03-18,製品FCSTから自動展開
DM0000145,C019,2026-06-14,58,FCST_AUTO,P003,CUS001,2026-03-20,製品FCSTから自動展開
DM0000146,C001,2026-06-07,135,FCST_AUTO,P003,CUS001,2026-03-04,製品FCSTから自動展開
DM0000147,C032,2026-06-11,360,FCST_AUTO,P003,CUS001,2026-03-12,製品FCSTから自動展開
DM0000148,C041,2026-06-12,35,FCST_AUTO,P003,CUS001,2026-03-03,製品FCSTから自動展開
DM0000149,C053,2026-06-18,97,FCST_AUTO,P003,CUS001,2026-03-03,製品FCSTから自動展開
DM0000150,C081,2026-06-14,327,FCST_AUTO,P003,CUS001,2026-03-17,製品FCSTから自動展開
DM0000151,C086,2026-06-06,124,FCST_AUTO,P003,CUS001,2026-03-09,製品FCSTから自動展開
DM0000152,C004,2026-06-17,372,FCST_AUTO,P004,CUS001,2026-03-05,製品FCSTから自動展開
DM0000153,C013,2026-06-18,334,FCST_AUTO,P004,CUS001,2026-03-20,製品FCSTから自動展開
DM0000154,C025,2026-06-21,135,FCST_AUTO,P004,CUS001,2026-03-10,製品FCSTから自動展開
DM0000155,C047,2026-06-12,50,FCST_AUTO,P004,CUS001,2026-03-21,製品FCSTから自動展開
DM0000156,C059,2026-06-06,106,FCST_AUTO,P004,CUS001,2026-03-11,製品FCSTから自動展開
DM0000157,C082,2026-06-08,269,FCST_AUTO,P004,CUS001,2026-03-18,製品FCSTから自動展開
DM0000158,C090,2026-06-15,198,FCST_AUTO,P004,CUS001,2026-03-06,製品FCSTから自動展開
DM0000159,C020,2026-06-12,278,FCST_AUTO,P005,CUS001,2026-03-20,製品FCSTから自動展開
DM0000160,C019,2026-06-07,34,FCST_AUTO,P005,CUS001,2026-03-05,製品FCSTから自動展開
DM0000161,C032,2026-06-06,154,FCST_AUTO,P005,CUS001,2026-03-02,製品FCSTから自動展開
DM0000162,C036,2026-06-11,183,FCST_AUTO,P005,CUS001,2026-03-20,製品FCSTから自動展開
DM0000163,C054,2026-06-06,254,FCST_AUTO,P005,CUS001,2026-03-18,製品FCSTから自動展開
DM0000164,C077,2026-06-19,318,FCST_AUTO,P005,CUS001,2026-03-05,製品FCSTから自動展開
DM0000165,C086,2026-06-05,165,FCST_AUTO,P005,CUS001,2026-03-20,製品FCSTから自動展開
DM0000166,C014,2026-06-21,246,FCST_AUTO,P026,CUS001,2026-03-18,製品FCSTから自動展開
DM0000167,C030,2026-06-24,351,FCST_AUTO,P026,CUS001,2026-03-17,製品FCSTから自動展開
DM0000168,C044,2026-06-15,33,FCST_AUTO,P026,CUS001,2026-02-27,製品FCSTから自動展開
DM0000169,C080,2026-06-17,332,FCST_AUTO,P026,CUS001,2026-03-09,製品FCSTから自動展開
DM0000170,C071,2026-06-23,64,FCST_AUTO,P026,CUS001,2026-03-06,製品FCSTから自動展開
DM0000171,C055,2026-06-05,314,FCST_AUTO,P026,CUS001,2026-03-04,製品FCSTから自動展開
DM0000172,C005,2026-06-19,215,FCST_AUTO,P027,CUS001,2026-03-19,製品FCSTから自動展開
DM0000173,C031,2026-06-12,33,FCST_AUTO,P027,CUS001,2026-03-09,製品FCSTから自動展開
DM0000174,C043,2026-06-10,283,FCST_AUTO,P027,CUS001,2026-03-15,製品FCSTから自動展開
DM0000175,C077,2026-06-11,235,FCST_AUTO,P027,CUS001,2026-03-04,製品FCSTから自動展開
DM0000176,C073,2026-06-09,85,FCST_AUTO,P027,CUS001,2026-03-10,製品FCSTから自動展開
DM0000177,C060,2026-06-06,260,FCST_AUTO,P027,CUS001,2026-03-02,製品FCSTから自動展開
DM0000178,C003,2026-06-16,138,FCST_AUTO,P028,CUS001,2026-03-18,製品FCSTから自動展開
DM0000179,C024,2026-06-18,396,FCST_AUTO,P028,CUS001,2026-03-08,製品FCSTから自動展開
DM0000180,C040,2026-06-15,54,FCST_AUTO,P028,CUS001,2026-03-11,製品FCSTから自動展開
DM0000181,C081,2026-06-05,305,FCST_AUTO,P028,CUS001,2026-03-02,製品FCSTから自動展開
DM0000182,C069,2026-06-10,308,FCST_AUTO,P028,CUS001,2026-03-11,製品FCSTから自動展開
DM0000183,C055,2026-06-05,146,FCST_AUTO,P028,CUS001,2026-03-03,製品FCSTから自動展開
DM0000184,C015,2026-06-09,175,FCST_AUTO,P029,CUS001,2026-03-17,製品FCSTから自動展開
DM0000185,C032,2026-06-19,282,FCST_AUTO,P029,CUS001,2026-02-26,製品FCSTから自動展開
DM0000186,C045,2026-06-11,182,FCST_AUTO,P029,CUS001,2026-03-17,製品FCSTから自動展開
DM0000187,C084,2026-06-07,228,FCST_AUTO,P029,CUS001,2026-03-14,製品FCSTから自動展開
DM0000188,C074,2026-06-11,60,FCST_AUTO,P029,CUS001,2026-03-02,製品FCSTから自動展開
DM0000189,C065,2026-06-24,322,FCST_AUTO,P029,CUS001,2026-03-08,製品FCSTから自動展開
DM0000190,C004,2026-06-22,321,FCST_AUTO,P030,CUS001,2026-02-26,製品FCSTから自動展開
DM0000191,C025,2026-06-12,150,FCST_AUTO,P030,CUS001,2026-03-16,製品FCSTから自動展開
DM0000192,C050,2026-06-20,73,FCST_AUTO,P030,CUS001,2026-03-13,製品FCSTから自動展開
DM0000193,C084,2026-06-11,277,FCST_AUTO,P030,CUS001,2026-03-05,製品FCSTから自動展開
DM0000194,C070,2026-06-17,159,FCST_AUTO,P030,CUS001,2026-03-21,製品FCSTから自動展開
DM0000195,C060,2026-06-13,61,FCST_AUTO,P030,CUS001,2026-03-13,製品FCSTから自動展開
DM0000196,C004,2026-07-06,311,FCST_AUTO,P001,CUS001,2026-03-15,製品FCSTから自動展開
DM0000197,C010,2026-07-25,328,FCST_AUTO,P001,CUS001,2026-03-06,製品FCSTから自動展開
DM0000198,C024,2026-07-16,35,FCST_AUTO,P001,CUS001,2026-02-27,製品FCSTから自動展開
DM0000199,C047,2026-07-17,31,FCST_AUTO,P001,CUS001,2026-02-28,製品FCSTから自動展開
DM0000200,C061,2026-07-24,33,FCST_AUTO,P001,CUS001,2026-03-19,製品FCSTから自動展開
DM0000201,C084,2026-07-21,239,FCST_AUTO,P001,CUS001,2026-03-09,製品FCSTから自動展開
DM0000202,C090,2026-07-20,290,FCST_AUTO,P001,CUS001,2026-02-26,製品FCSTから自動展開
DM0000203,C002,2026-07-05,118,FCST_AUTO,P002,CUS001,2026-03-20,製品FCSTから自動展開
DM0000204,C004,2026-07-16,270,FCST_AUTO,P002,CUS001,2026-03-19,製品FCSTから自動展開
DM0000205,C024,2026-07-06,213,FCST_AUTO,P002,CUS001,2026-03-08,製品FCSTから自動展開
DM0000206,C045,2026-07-10,313,FCST_AUTO,P002,CUS001,2026-03-19,製品FCSTから自動展開
DM0000207,C059,2026-07-15,339,FCST_AUTO,P002,CUS001,2026-03-17,製品FCSTから自動展開
DM0000208,C084,2026-07-18,42,FCST_AUTO,P002,CUS001,2026-03-17,製品FCSTから自動展開
DM0000209,C087,2026-07-14,114,FCST_AUTO,P002,CUS001,2026-03-08,製品FCSTから自動展開
DM0000210,C019,2026-07-13,45,FCST_AUTO,P003,CUS001,2026-03-03,製品FCSTから自動展開
DM0000211,C001,2026-07-20,52,FCST_AUTO,P003,CUS001,2026-03-10,製品FCSTから自動展開
DM0000212,C032,2026-07-23,188,FCST_AUTO,P003,CUS001,2026-03-17,製品FCSTから自動展開
DM0000213,C041,2026-07-14,156,FCST_AUTO,P003,CUS001,2026-03-21,製品FCSTから自動展開
DM0000214,C053,2026-07-09,356,FCST_AUTO,P003,CUS001,2026-03-20,製品FCSTから自動展開
DM0000215,C081,2026-07-22,193,FCST_AUTO,P003,CUS001,2026-03-07,製品FCSTから自動展開
DM0000216,C086,2026-07-24,183,FCST_AUTO,P003,CUS001,2026-03-16,製品FCSTから自動展開
DM0000217,C004,2026-07-13,159,FCST_AUTO,P004,CUS001,2026-03-04,製品FCSTから自動展開
DM0000218,C013,2026-07-22,371,FCST_AUTO,P004,CUS001,2026-03-08,製品FCSTから自動展開
DM0000219,C025,2026-07-22,143,FCST_AUTO,P004,CUS001,2026-03-13,製品FCSTから自動展開
DM0000220,C047,2026-07-12,42,FCST_AUTO,P004,CUS001,2026-03-06,製品FCSTから自動展開
DM0000221,C059,2026-07-10,396,FCST_AUTO,P004,CUS001,2026-02-26,製品FCSTから自動展開
DM0000222,C082,2026-07-07,148,FCST_AUTO,P004,CUS001,2026-03-20,製品FCSTから自動展開
DM0000223,C090,2026-07-05,397,FCST_AUTO,P004,CUS001,2026-02-26,製品FCSTから自動展開
DM0000224,C020,2026-07-23,167,FCST_AUTO,P005,CUS001,2026-03-12,製品FCSTから自動展開
DM0000225,C019,2026-07-18,83,FCST_AUTO,P005,CUS001,2026-03-11,製品FCSTから自動展開
DM0000226,C032,2026-07-10,75,FCST_AUTO,P005,CUS001,2026-03-16,製品FCSTから自動展開
DM0000227,C036,2026-07-10,37,FCST_AUTO,P005,CUS001,2026-03-01,製品FCSTから自動展開
DM0000228,C054,2026-07-20,191,FCST_AUTO,P005,CUS001,2026-03-05,製品FCSTから自動展開
DM0000229,C077,2026-07-12,199,FCST_AUTO,P005,CUS001,2026-03-18,製品FCSTから自動展開
DM0000230,C086,2026-07-07,121,FCST_AUTO,P005,CUS001,2026-03-06,製品FCSTから自動展開
DM0000231,C014,2026-07-07,68,FCST_AUTO,P026,CUS001,2026-03-09,製品FCSTから自動展開
DM0000232,C030,2026-07-23,73,FCST_AUTO,P026,CUS001,2026-03-13,製品FCSTから自動展開
DM0000233,C044,2026-07-08,368,FCST_AUTO,P026,CUS001,2026-02-27,製品FCSTから自動展開
DM0000234,C080,2026-07-13,129,FCST_AUTO,P026,CUS001,2026-03-11,製品FCSTから自動展開
DM0000235,C071,2026-07-09,68,FCST_AUTO,P026,CUS001,2026-03-10,製品FCSTから自動展開
DM0000236,C055,2026-07-13,310,FCST_AUTO,P026,CUS001,2026-03-10,製品FCSTから自動展開
DM0000237,C005,2026-07-10,167,FCST_AUTO,P027,CUS001,2026-03-13,製品FCSTから自動展開
DM0000238,C031,2026-07-17,372,FCST_AUTO,P027,CUS001,2026-03-05,製品FCSTから自動展開
DM0000239,C043,2026-07-16,130,FCST_AUTO,P027,CUS001,2026-03-06,製品FCSTから自動展開
DM0000240,C077,2026-07-05,326,FCST_AUTO,P027,CUS001,2026-03-16,製品FCSTから自動展開
DM0000241,C073,2026-07-06,206,FCST_AUTO,P027,CUS001,2026-03-07,製品FCSTから自動展開
DM0000242,C060,2026-07-18,228,FCST_AUTO,P027,CUS001,2026-03-13,製品FCSTから自動展開
DM0000243,C003,2026-07-19,130,FCST_AUTO,P028,CUS001,2026-03-09,製品FCSTから自動展開
DM0000244,C024,2026-07-10,147,FCST_AUTO,P028,CUS001,2026-03-08,製品FCSTから自動展開
DM0000245,C040,2026-07-08,199,FCST_AUTO,P028,CUS001,2026-03-17,製品FCSTから自動展開
DM0000246,C081,2026-07-11,258,FCST_AUTO,P028,CUS001,2026-03-19,製品FCSTから自動展開
DM0000247,C069,2026-07-18,329,FCST_AUTO,P028,CUS001,2026-03-06,製品FCSTから自動展開
DM0000248,C055,2026-07-17,252,FCST_AUTO,P028,CUS001,2026-03-07,製品FCSTから自動展開
DM0000249,C015,2026-07-11,304,FCST_AUTO,P029,CUS001,2026-03-05,製品FCSTから自動展開
DM0000250,C032,2026-07-16,247,FCST_AUTO,P029,CUS001,2026-02-26,製品FCSTから自動展開
DM0000251,C045,2026-07-14,97,FCST_AUTO,P029,CUS001,2026-03-19,製品FCSTから自動展開
DM0000252,C084,2026-07-24,356,FCST_AUTO,P029,CUS001,2026-03-21,製品FCSTから自動展開
DM0000253,C074,2026-07-19,211,FCST_AUTO,P029,CUS001,2026-03-02,製品FCSTから自動展開
DM0000254,C065,2026-07-18,358,FCST_AUTO,P029,CUS001,2026-02-28,製品FCSTから自動展開
DM0000255,C004,2026-07-07,97,FCST_AUTO,P030,CUS001,2026-03-01,製品FCSTから自動展開
DM0000256,C025,2026-07-12,87,FCST_AUTO,P030,CUS001,2026-03-07,製品FCSTから自動展開
DM0000257,C050,2026-07-18,371,FCST_AUTO,P030,CUS001,2026-03-11,製品FCSTから自動展開
DM0000258,C084,2026-07-24,103,FCST_AUTO,P030,CUS001,2026-03-07,製品FCSTから自動展開
DM0000259,C070,2026-07-05,55,FCST_AUTO,P030,CUS001,2026-03-05,製品FCSTから自動展開
DM0000260,C060,2026-07-08,256,FCST_AUTO,P030,CUS001,2026-03-04,製品FCSTから自動展開
DM0000261,C004,2026-08-15,114,FCST_AUTO,P001,CUS001,2026-03-14,製品FCSTから自動展開
DM0000262,C010,2026-08-25,156,FCST_AUTO,P001,CUS001,2026-03-03,製品FCSTから自動展開
DM0000263,C024,2026-08-22,332,FCST_AUTO,P001,CUS001,2026-03-15,製品FCSTから自動展開
DM0000264,C047,2026-08-16,41,FCST_AUTO,P001,CUS001,2026-03-09,製品FCSTから自動展開
DM0000265,C061,2026-08-14,40,FCST_AUTO,P001,CUS001,2026-02-27,製品FCSTから自動展開
DM0000266,C084,2026-08-11,396,FCST_AUTO,P001,CUS001,2026-03-17,製品FCSTから自動展開
DM0000267,C090,2026-08-22,266,FCST_AUTO,P001,CUS001,2026-02-26,製品FCSTから自動展開
DM0000268,C002,2026-08-05,57,FCST_AUTO,P002,CUS001,2026-03-19,製品FCSTから自動展開
DM0000269,C004,2026-08-09,128,FCST_AUTO,P002,CUS001,2026-03-17,製品FCSTから自動展開
DM0000270,C024,2026-08-25,390,FCST_AUTO,P002,CUS001,2026-03-21,製品FCSTから自動展開
DM0000271,C045,2026-08-20,265,FCST_AUTO,P002,CUS001,2026-03-12,製品FCSTから自動展開
DM0000272,C059,2026-08-05,244,FCST_AUTO,P002,CUS001,2026-03-14,製品FCSTから自動展開
DM0000273,C084,2026-08-14,357,FCST_AUTO,P002,CUS001,2026-03-15,製品FCSTから自動展開
DM0000274,C087,2026-08-12,329,FCST_AUTO,P002,CUS001,2026-03-07,製品FCSTから自動展開
DM0000275,C019,2026-08-16,31,FCST_AUTO,P003,CUS001,2026-02-27,製品FCSTから自動展開
DM0000276,C001,2026-08-24,122,FCST_AUTO,P003,CUS001,2026-03-02,製品FCSTから自動展開
DM0000277,C032,2026-08-22,134,FCST_AUTO,P003,CUS001,2026-03-15,製品FCSTから自動展開
DM0000278,C041,2026-08-15,50,FCST_AUTO,P003,CUS001,2026-03-13,製品FCSTから自動展開
DM0000279,C053,2026-08-05,90,FCST_AUTO,P003,CUS001,2026-02-26,製品FCSTから自動展開
DM0000280,C081,2026-08-09,54,FCST_AUTO,P003,CUS001,2026-03-07,製品FCSTから自動展開
DM0000281,C086,2026-08-13,336,FCST_AUTO,P003,CUS001,2026-03-01,製品FCSTから自動展開
DM0000282,C004,2026-08-25,143,FCST_AUTO,P004,CUS001,2026-03-13,製品FCSTから自動展開
DM0000283,C013,2026-08-24,210,FCST_AUTO,P004,CUS001,2026-03-08,製品FCSTから自動展開
DM0000284,C025,2026-08-13,168,FCST_AUTO,P004,CUS001,2026-03-14,製品FCSTから自動展開
DM0000285,C047,2026-08-08,37,FCST_AUTO,P004,CUS001,2026-03-03,製品FCSTから自動展開
DM0000286,C059,2026-08-10,327,FCST_AUTO,P004,CUS001,2026-03-13,製品FCSTから自動展開
DM0000287,C082,2026-08-11,135,FCST_AUTO,P004,CUS001,2026-03-15,製品FCSTから自動展開
DM0000288,C090,2026-08-19,389,FCST_AUTO,P004,CUS001,2026-02-26,製品FCSTから自動展開
DM0000289,C020,2026-08-20,88,FCST_AUTO,P005,CUS001,2026-03-07,製品FCSTから自動展開
DM0000290,C019,2026-08-22,90,FCST_AUTO,P005,CUS001,2026-03-17,製品FCSTから自動展開
DM0000291,C032,2026-08-05,123,FCST_AUTO,P005,CUS001,2026-03-02,製品FCSTから自動展開
DM0000292,C036,2026-08-07,190,FCST_AUTO,P005,CUS001,2026-03-07,製品FCSTから自動展開
DM0000293,C054,2026-08-07,331,FCST_AUTO,P005,CUS001,2026-03-09,製品FCSTから自動展開
DM0000294,C077,2026-08-18,272,FCST_AUTO,P005,CUS001,2026-03-21,製品FCSTから自動展開
DM0000295,C086,2026-08-22,228,FCST_AUTO,P005,CUS001,2026-03-13,製品FCSTから自動展開
DM0000296,C014,2026-08-07,220,FCST_AUTO,P026,CUS001,2026-03-08,製品FCSTから自動展開
DM0000297,C030,2026-08-16,240,FCST_AUTO,P026,CUS001,2026-03-10,製品FCSTから自動展開
DM0000298,C044,2026-08-14,53,FCST_AUTO,P026,CUS001,2026-03-03,製品FCSTから自動展開
DM0000299,C080,2026-08-05,74,FCST_AUTO,P026,CUS001,2026-02-27,製品FCSTから自動展開
DM0000300,C071,2026-08-11,83,FCST_AUTO,P026,CUS001,2026-02-28,製品FCSTから自動展開
DM0000301,C055,2026-08-17,364,FCST_AUTO,P026,CUS001,2026-03-03,製品FCSTから自動展開
DM0000302,C005,2026-08-25,330,FCST_AUTO,P027,CUS001,2026-03-20,製品FCSTから自動展開
DM0000303,C031,2026-08-08,362,FCST_AUTO,P027,CUS001,2026-03-08,製品FCSTから自動展開
DM0000304,C043,2026-08-07,178,FCST_AUTO,P027,CUS001,2026-03-14,製品FCSTから自動展開
DM0000305,C077,2026-08-17,52,FCST_AUTO,P027,CUS001,2026-03-07,製品FCSTから自動展開
DM0000306,C073,2026-08-17,71,FCST_AUTO,P027,CUS001,2026-02-28,製品FCSTから自動展開
DM0000307,C060,2026-08-11,363,FCST_AUTO,P027,CUS001,2026-03-15,製品FCSTから自動展開
DM0000308,C003,2026-08-10,170,FCST_AUTO,P028,CUS001,2026-02-28,製品FCSTから自動展開
DM0000309,C024,2026-08-24,150,FCST_AUTO,P028,CUS001,2026-03-16,製品FCSTから自動展開
DM0000310,C040,2026-08-11,32,FCST_AUTO,P028,CUS001,2026-03-01,製品FCSTから自動展開
DM0000311,C081,2026-08-08,307,FCST_AUTO,P028,CUS001,2026-03-09,製品FCSTから自動展開
DM0000312,C069,2026-08-25,185,FCST_AUTO,P028,CUS001,2026-03-17,製品FCSTから自動展開
DM0000313,C055,2026-08-18,271,FCST_AUTO,P028,CUS001,2026-03-20,製品FCSTから自動展開
DM0000314,C015,2026-08-18,226,FCST_AUTO,P029,CUS001,2026-03-03,製品FCSTから自動展開
DM0000315,C032,2026-08-07,202,FCST_AUTO,P029,CUS001,2026-03-06,製品FCSTから自動展開
DM0000316,C045,2026-08-11,166,FCST_AUTO,P029,CUS001,2026-03-12,製品FCSTから自動展開
DM0000317,C084,2026-08-18,234,FCST_AUTO,P029,CUS001,2026-03-19,製品FCSTから自動展開
DM0000318,C074,2026-08-18,323,FCST_AUTO,P029,CUS001,2026-03-20,製品FCSTから自動展開
DM0000319,C065,2026-08-21,72,FCST_AUTO,P029,CUS001,2026-03-12,製品FCSTから自動展開
DM0000320,C004,2026-08-20,320,FCST_AUTO,P030,CUS001,2026-03-10,製品FCSTから自動展開
DM0000321,C025,2026-08-07,130,FCST_AUTO,P030,CUS001,2026-03-18,製品FCSTから自動展開
DM0000322,C050,2026-08-15,322,FCST_AUTO,P030,CUS001,2026-03-09,製品FCSTから自動展開
DM0000323,C084,2026-08-12,282,FCST_AUTO,P030,CUS001,2026-03-17,製品FCSTから自動展開
DM0000324,C070,2026-08-25,238,FCST_AUTO,P030,CUS001,2026-03-20,製品FCSTから自動展開
DM0000325,C060,2026-08-15,67,FCST_AUTO,P030,CUS001,2026-03-19,製品FCSTから自動展開
DM0000326,C004,2026-09-11,215,FCST_AUTO,P001,CUS001,2026-03-11,製品FCSTから自動展開
DM0000327,C010,2026-09-06,118,FCST_AUTO,P001,CUS001,2026-03-08,製品FCSTから自動展開
DM0000328,C024,2026-09-15,289,FCST_AUTO,P001,CUS001,2026-03-11,製品FCSTから自動展開
DM0000329,C047,2026-09-20,32,FCST_AUTO,P001,CUS001,2026-03-06,製品FCSTから自動展開
DM0000330,C061,2026-09-13,51,FCST_AUTO,P001,CUS001,2026-03-06,製品FCSTから自動展開
DM0000331,C084,2026-09-12,338,FCST_AUTO,P001,CUS001,2026-03-17,製品FCSTから自動展開
DM0000332,C090,2026-09-16,205,FCST_AUTO,P001,CUS001,2026-03-06,製品FCSTから自動展開
DM0000333,C002,2026-09-15,265,FCST_AUTO,P002,CUS001,2026-03-20,製品FCSTから自動展開
DM0000334,C004,2026-09-25,110,FCST_AUTO,P002,CUS001,2026-03-13,製品FCSTから自動展開
DM0000335,C024,2026-09-10,262,FCST_AUTO,P002,CUS001,2026-03-21,製品FCSTから自動展開
DM0000336,C045,2026-09-10,49,FCST_AUTO,P002,CUS001,2026-03-12,製品FCSTから自動展開
DM0000337,C059,2026-09-07,120,FCST_AUTO,P002,CUS001,2026-03-02,製品FCSTから自動展開
DM0000338,C084,2026-09-23,311,FCST_AUTO,P002,CUS001,2026-03-03,製品FCSTから自動展開
DM0000339,C087,2026-09-09,82,FCST_AUTO,P002,CUS001,2026-03-11,製品FCSTから自動展開
DM0000340,C019,2026-09-17,114,FCST_AUTO,P003,CUS001,2026-03-21,製品FCSTから自動展開
DM0000341,C001,2026-09-09,100,FCST_AUTO,P003,CUS001,2026-03-11,製品FCSTから自動展開
DM0000342,C032,2026-09-13,307,FCST_AUTO,P003,CUS001,2026-03-16,製品FCSTから自動展開
DM0000343,C041,2026-09-17,296,FCST_AUTO,P003,CUS001,2026-03-15,製品FCSTから自動展開
DM0000344,C053,2026-09-24,300,FCST_AUTO,P003,CUS001,2026-03-01,製品FCSTから自動展開
DM0000345,C081,2026-09-21,218,FCST_AUTO,P003,CUS001,2026-03-11,製品FCSTから自動展開
DM0000346,C086,2026-09-25,239,FCST_AUTO,P003,CUS001,2026-03-05,製品FCSTから自動展開
DM0000347,C004,2026-09-22,203,FCST_AUTO,P004,CUS001,2026-03-08,製品FCSTから自動展開
DM0000348,C013,2026-09-24,53,FCST_AUTO,P004,CUS001,2026-03-12,製品FCSTから自動展開
DM0000349,C025,2026-09-21,155,FCST_AUTO,P004,CUS001,2026-03-14,製品FCSTから自動展開
DM0000350,C047,2026-09-24,57,FCST_AUTO,P004,CUS001,2026-03-19,製品FCSTから自動展開
DM0000351,C059,2026-09-08,347,FCST_AUTO,P004,CUS001,2026-03-18,製品FCSTから自動展開
DM0000352,C082,2026-09-13,80,FCST_AUTO,P004,CUS001,2026-03-20,製品FCSTから自動展開
DM0000353,C090,2026-09-09,327,FCST_AUTO,P004,CUS001,2026-03-05,製品FCSTから自動展開
DM0000354,C020,2026-09-06,335,FCST_AUTO,P005,CUS001,2026-03-10,製品FCSTから自動展開
DM0000355,C019,2026-09-19,52,FCST_AUTO,P005,CUS001,2026-03-13,製品FCSTから自動展開
DM0000356,C032,2026-09-16,278,FCST_AUTO,P005,CUS001,2026-03-08,製品FCSTから自動展開
DM0000357,C036,2026-09-13,150,FCST_AUTO,P005,CUS001,2026-02-27,製品FCSTから自動展開
DM0000358,C054,2026-09-18,327,FCST_AUTO,P005,CUS001,2026-03-13,製品FCSTから自動展開
DM0000359,C077,2026-09-17,100,FCST_AUTO,P005,CUS001,2026-03-19,製品FCSTから自動展開
DM0000360,C086,2026-09-20,234,FCST_AUTO,P005,CUS001,2026-03-06,製品FCSTから自動展開
DM0000361,C014,2026-09-13,271,FCST_AUTO,P026,CUS001,2026-03-16,製品FCSTから自動展開
DM0000362,C030,2026-09-24,392,FCST_AUTO,P026,CUS001,2026-03-17,製品FCSTから自動展開
DM0000363,C044,2026-09-17,200,FCST_AUTO,P026,CUS001,2026-03-09,製品FCSTから自動展開
DM0000364,C080,2026-09-18,265,FCST_AUTO,P026,CUS001,2026-03-02,製品FCSTから自動展開
DM0000365,C071,2026-09-10,54,FCST_AUTO,P026,CUS001,2026-03-08,製品FCSTから自動展開
DM0000366,C055,2026-09-11,224,FCST_AUTO,P026,CUS001,2026-03-15,製品FCSTから自動展開
DM0000367,C005,2026-09-14,52,FCST_AUTO,P027,CUS001,2026-03-17,製品FCSTから自動展開
DM0000368,C031,2026-09-14,293,FCST_AUTO,P027,CUS001,2026-03-09,製品FCSTから自動展開
DM0000369,C043,2026-09-06,279,FCST_AUTO,P027,CUS001,2026-03-14,製品FCSTから自動展開
DM0000370,C077,2026-09-06,292,FCST_AUTO,P027,CUS001,2026-03-19,製品FCSTから自動展開
DM0000371,C073,2026-09-15,366,FCST_AUTO,P027,CUS001,2026-03-05,製品FCSTから自動展開
DM0000372,C060,2026-09-06,230,FCST_AUTO,P027,CUS001,2026-02-28,製品FCSTから自動展開
DM0000373,C003,2026-09-20,134,FCST_AUTO,P028,CUS001,2026-03-06,製品FCSTから自動展開
DM0000374,C024,2026-09-24,99,FCST_AUTO,P028,CUS001,2026-02-27,製品FCSTから自動展開
DM0000375,C040,2026-09-08,363,FCST_AUTO,P028,CUS001,2026-03-21,製品FCSTから自動展開
DM0000376,C081,2026-09-19,195,FCST_AUTO,P028,CUS001,2026-03-12,製品FCSTから自動展開
DM0000377,C069,2026-09-24,31,FCST_AUTO,P028,CUS001,2026-03-11,製品FCSTから自動展開
DM0000378,C055,2026-09-18,163,FCST_AUTO,P028,CUS001,2026-03-06,製品FCSTから自動展開
DM0000379,C015,2026-09-25,286,FCST_AUTO,P029,CUS001,2026-03-09,製品FCSTから自動展開
DM0000380,C032,2026-09-14,90,FCST_AUTO,P029,CUS001,2026-02-26,製品FCSTから自動展開
DM0000381,C045,2026-09-22,197,FCST_AUTO,P029,CUS001,2026-03-13,製品FCSTから自動展開
DM0000382,C084,2026-09-16,286,FCST_AUTO,P029,CUS001,2026-03-20,製品FCSTから自動展開
DM0000383,C074,2026-09-22,193,FCST_AUTO,P029,CUS001,2026-03-12,製品FCSTから自動展開
DM0000384,C065,2026-09-20,391,FCST_AUTO,P029,CUS001,2026-03-10,製品FCSTから自動展開
DM0000385,C004,2026-09-19,310,FCST_AUTO,P030,CUS001,2026-03-03,製品FCSTから自動展開
DM0000386,C025,2026-09-18,104,FCST_AUTO,P030,CUS001,2026-03-18,製品FCSTから自動展開
DM0000387,C050,2026-09-06,311,FCST_AUTO,P030,CUS001,2026-03-15,製品FCSTから自動展開
DM0000388,C084,2026-09-22,177,FCST_AUTO,P030,CUS001,2026-03-09,製品FCSTから自動展開
DM0000389,C070,2026-09-09,293,FCST_AUTO,P030,CUS001,2026-02-26,製品FCSTから自動展開
DM0000390,C060,2026-09-14,351,FCST_AUTO,P030,CUS001,2026-03-14,製品FCSTから自動展開
DM0000391,C004,2026-10-19,147,FCST_AUTO,P001,CUS001,2026-03-21,製品FCSTから自動展開
DM0000392,C010,2026-10-21,272,FCST_AUTO,P001,CUS001,2026-03-05,製品FCSTから自動展開
DM0000393,C024,2026-10-09,165,FCST_AUTO,P001,CUS001,2026-03-17,製品FCSTから自動展開
DM0000394,C047,2026-10-13,40,FCST_AUTO,P001,CUS001,2026-03-12,製品FCSTから自動展開
DM0000395,C061,2026-10-14,49,FCST_AUTO,P001,CUS001,2026-03-06,製品FCSTから自動展開
DM0000396,C084,2026-10-09,377,FCST_AUTO,P001,CUS001,2026-03-11,製品FCSTから自動展開
DM0000397,C090,2026-10-19,180,FCST_AUTO,P001,CUS001,2026-02-26,製品FCSTから自動展開
DM0000398,C002,2026-10-06,331,FCST_AUTO,P002,CUS001,2026-02-28,製品FCSTから自動展開
DM0000399,C004,2026-10-07,386,FCST_AUTO,P002,CUS001,2026-03-08,製品FCSTから自動展開
DM0000400,C024,2026-10-09,216,FCST_AUTO,P002,CUS001,2026-03-04,製品FCSTから自動展開
DM0000401,C045,2026-10-18,84,FCST_AUTO,P002,CUS001,2026-03-20,製品FCSTから自動展開
DM0000402,C059,2026-10-17,33,FCST_AUTO,P002,CUS001,2026-03-09,製品FCSTから自動展開
DM0000403,C084,2026-10-18,248,FCST_AUTO,P002,CUS001,2026-03-08,製品FCSTから自動展開
DM0000404,C087,2026-10-19,298,FCST_AUTO,P002,CUS001,2026-03-07,製品FCSTから自動展開
DM0000405,C019,2026-10-15,98,FCST_AUTO,P003,CUS001,2026-03-01,製品FCSTから自動展開
DM0000406,C001,2026-10-10,122,FCST_AUTO,P003,CUS001,2026-03-08,製品FCSTから自動展開
DM0000407,C032,2026-10-21,364,FCST_AUTO,P003,CUS001,2026-02-27,製品FCSTから自動展開
DM0000408,C041,2026-10-05,167,FCST_AUTO,P003,CUS001,2026-03-01,製品FCSTから自動展開
DM0000409,C053,2026-10-20,63,FCST_AUTO,P003,CUS001,2026-03-21,製品FCSTから自動展開
DM0000410,C081,2026-10-10,126,FCST_AUTO,P003,CUS001,2026-03-10,製品FCSTから自動展開
DM0000411,C086,2026-10-15,386,FCST_AUTO,P003,CUS001,2026-02-26,製品FCSTから自動展開
DM0000412,C004,2026-10-05,340,FCST_AUTO,P004,CUS001,2026-03-15,製品FCSTから自動展開
DM0000413,C013,2026-10-08,196,FCST_AUTO,P004,CUS001,2026-03-12,製品FCSTから自動展開
DM0000414,C025,2026-10-25,35,FCST_AUTO,P004,CUS001,2026-03-04,製品FCSTから自動展開
DM0000415,C047,2026-10-06,46,FCST_AUTO,P004,CUS001,2026-03-13,製品FCSTから自動展開
DM0000416,C059,2026-10-16,338,FCST_AUTO,P004,CUS001,2026-03-14,製品FCSTから自動展開
DM0000417,C082,2026-10-05,332,FCST_AUTO,P004,CUS001,2026-03-19,製品FCSTから自動展開
DM0000418,C090,2026-10-05,364,FCST_AUTO,P004,CUS001,2026-03-01,製品FCSTから自動展開
DM0000419,C020,2026-10-18,42,FCST_AUTO,P005,CUS001,2026-03-02,製品FCSTから自動展開
DM0000420,C019,2026-10-23,30,FCST_AUTO,P005,CUS001,2026-03-06,製品FCSTから自動展開
DM0000421,C032,2026-10-19,222,FCST_AUTO,P005,CUS001,2026-02-26,製品FCSTから自動展開
DM0000422,C036,2026-10-15,43,FCST_AUTO,P005,CUS001,2026-02-26,製品FCSTから自動展開
DM0000423,C054,2026-10-24,158,FCST_AUTO,P005,CUS001,2026-03-08,製品FCSTから自動展開
DM0000424,C077,2026-10-08,65,FCST_AUTO,P005,CUS001,2026-03-04,製品FCSTから自動展開
DM0000425,C086,2026-10-21,56,FCST_AUTO,P005,CUS001,2026-03-11,製品FCSTから自動展開
DM0000426,C014,2026-10-20,351,FCST_AUTO,P026,CUS001,2026-03-17,製品FCSTから自動展開
DM0000427,C030,2026-10-07,207,FCST_AUTO,P026,CUS001,2026-03-16,製品FCSTから自動展開
DM0000428,C044,2026-10-21,87,FCST_AUTO,P026,CUS001,2026-03-01,製品FCSTから自動展開
DM0000429,C080,2026-10-07,88,FCST_AUTO,P026,CUS001,2026-03-05,製品FCSTから自動展開
DM0000430,C071,2026-10-06,34,FCST_AUTO,P026,CUS001,2026-03-10,製品FCSTから自動展開
DM0000431,C055,2026-10-07,261,FCST_AUTO,P026,CUS001,2026-02-28,製品FCSTから自動展開
DM0000432,C005,2026-10-25,30,FCST_AUTO,P027,CUS001,2026-03-17,製品FCSTから自動展開
DM0000433,C031,2026-10-19,288,FCST_AUTO,P027,CUS001,2026-03-04,製品FCSTから自動展開
DM0000434,C043,2026-10-13,279,FCST_AUTO,P027,CUS001,2026-03-04,製品FCSTから自動展開
DM0000435,C077,2026-10-23,39,FCST_AUTO,P027,CUS001,2026-03-13,製品FCSTから自動展開
DM0000436,C073,2026-10-23,244,FCST_AUTO,P027,CUS001,2026-03-07,製品FCSTから自動展開
DM0000437,C060,2026-10-11,365,FCST_AUTO,P027,CUS001,2026-03-05,製品FCSTから自動展開
DM0000438,C003,2026-10-18,160,FCST_AUTO,P028,CUS001,2026-03-16,製品FCSTから自動展開
DM0000439,C024,2026-10-14,124,FCST_AUTO,P028,CUS001,2026-03-21,製品FCSTから自動展開
DM0000440,C040,2026-10-16,251,FCST_AUTO,P028,CUS001,2026-02-26,製品FCSTから自動展開
DM0000441,C081,2026-10-22,271,FCST_AUTO,P028,CUS001,2026-03-06,製品FCSTから自動展開
DM0000442,C069,2026-10-20,352,FCST_AUTO,P028,CUS001,2026-03-07,製品FCSTから自動展開
DM0000443,C055,2026-10-24,180,FCST_AUTO,P028,CUS001,2026-02-27,製品FCSTから自動展開
DM0000444,C015,2026-10-05,366,FCST_AUTO,P029,CUS001,2026-03-16,製品FCSTから自動展開
DM0000445,C032,2026-10-06,122,FCST_AUTO,P029,CUS001,2026-03-03,製品FCSTから自動展開
DM0000446,C045,2026-10-18,84,FCST_AUTO,P029,CUS001,2026-03-05,製品FCSTから自動展開
DM0000447,C084,2026-10-07,324,FCST_AUTO,P029,CUS001,2026-03-09,製品FCSTから自動展開
DM0000448,C074,2026-10-24,118,FCST_AUTO,P029,CUS001,2026-03-16,製品FCSTから自動展開
DM0000449,C065,2026-10-18,107,FCST_AUTO,P029,CUS001,2026-03-06,製品FCSTから自動展開
DM0000450,C004,2026-10-09,137,FCST_AUTO,P030,CUS001,2026-03-08,製品FCSTから自動展開
DM0000451,C025,2026-10-16,89,FCST_AUTO,P030,CUS001,2026-02-26,製品FCSTから自動展開
DM0000452,C050,2026-10-14,386,FCST_AUTO,P030,CUS001,2026-03-18,製品FCSTから自動展開
DM0000453,C084,2026-10-14,355,FCST_AUTO,P030,CUS001,2026-02-28,製品FCSTから自動展開
DM0000454,C070,2026-10-18,353,FCST_AUTO,P030,CUS001,2026-03-02,製品FCSTから自動展開
DM0000455,C060,2026-10-20,238,FCST_AUTO,P030,CUS001,2026-03-18,製品FCSTから自動展開
DM0000456,C004,2026-11-16,93,FCST_AUTO,P001,CUS001,2026-02-28,製品FCSTから自動展開
DM0000457,C010,2026-11-13,212,FCST_AUTO,P001,CUS001,2026-03-11,製品FCSTから自動展開
DM0000458,C024,2026-11-07,122,FCST_AUTO,P001,CUS001,2026-03-10,製品FCSTから自動展開
DM0000459,C047,2026-11-25,43,FCST_AUTO,P001,CUS001,2026-02-27,製品FCSTから自動展開
DM0000460,C061,2026-11-06,46,FCST_AUTO,P001,CUS001,2026-03-20,製品FCSTから自動展開
DM0000461,C084,2026-11-14,292,FCST_AUTO,P001,CUS001,2026-03-08,製品FCSTから自動展開
DM0000462,C090,2026-11-08,114,FCST_AUTO,P001,CUS001,2026-03-13,製品FCSTから自動展開
DM0000463,C004,2026-12-13,139,FCST_AUTO,P001,CUS001,2026-03-02,製品FCSTから自動展開
DM0000464,C010,2026-12-07,67,FCST_AUTO,P001,CUS001,2026-03-03,製品FCSTから自動展開
DM0000465,C024,2026-12-18,289,FCST_AUTO,P001,CUS001,2026-03-05,製品FCSTから自動展開
DM0000466,C047,2026-12-23,51,FCST_AUTO,P001,CUS001,2026-03-06,製品FCSTから自動展開
DM0000467,C061,2026-12-15,44,FCST_AUTO,P001,CUS001,2026-03-01,製品FCSTから自動展開
DM0000468,C084,2026-12-18,189,FCST_AUTO,P001,CUS001,2026-03-15,製品FCSTから自動展開
DM0000469,C090,2026-12-23,174,FCST_AUTO,P001,CUS001,2026-03-17,製品FCSTから自動展開
DM0000470,C002,2026-11-10,155,FCST_AUTO,P002,CUS001,2026-02-27,製品FCSTから自動展開
DM0000471,C004,2026-11-15,277,FCST_AUTO,P002,CUS001,2026-03-21,製品FCSTから自動展開
DM0000472,C024,2026-11-19,73,FCST_AUTO,P002,CUS001,2026-03-19,製品FCSTから自動展開
DM0000473,C045,2026-11-13,318,FCST_AUTO,P002,CUS001,2026-03-09,製品FCSTから自動展開
DM0000474,C059,2026-11-12,324,FCST_AUTO,P002,CUS001,2026-02-28,製品FCSTから自動展開
DM0000475,C084,2026-11-19,251,FCST_AUTO,P002,CUS001,2026-03-06,製品FCSTから自動展開
DM0000476,C087,2026-11-12,260,FCST_AUTO,P002,CUS001,2026-03-21,製品FCSTから自動展開
DM0000477,C002,2026-12-13,158,FCST_AUTO,P002,CUS001,2026-03-09,製品FCSTから自動展開
DM0000478,C004,2026-12-24,250,FCST_AUTO,P002,CUS001,2026-02-28,製品FCSTから自動展開
DM0000479,C024,2026-12-17,388,FCST_AUTO,P002,CUS001,2026-03-05,製品FCSTから自動展開
DM0000480,C045,2026-12-25,322,FCST_AUTO,P002,CUS001,2026-03-08,製品FCSTから自動展開
DM0000481,C059,2026-12-07,211,FCST_AUTO,P002,CUS001,2026-03-05,製品FCSTから自動展開
DM0000482,C084,2026-12-19,253,FCST_AUTO,P002,CUS001,2026-03-09,製品FCSTから自動展開
DM0000483,C087,2026-12-09,143,FCST_AUTO,P002,CUS001,2026-03-05,製品FCSTから自動展開
DM0000484,C019,2026-11-22,94,FCST_AUTO,P003,CUS001,2026-03-13,製品FCSTから自動展開
DM0000485,C001,2026-11-16,179,FCST_AUTO,P003,CUS001,2026-02-26,製品FCSTから自動展開
DM0000486,C032,2026-11-21,110,FCST_AUTO,P003,CUS001,2026-02-26,製品FCSTから自動展開
DM0000487,C041,2026-11-05,135,FCST_AUTO,P003,CUS001,2026-03-01,製品FCSTから自動展開
DM0000488,C053,2026-11-17,247,FCST_AUTO,P003,CUS001,2026-03-14,製品FCSTから自動展開
DM0000489,C081,2026-11-05,338,FCST_AUTO,P003,CUS001,2026-03-19,製品FCSTから自動展開
DM0000490,C086,2026-11-11,397,FCST_AUTO,P003,CUS001,2026-03-21,製品FCSTから自動展開
DM0000491,C019,2026-12-22,40,FCST_AUTO,P003,CUS001,2026-03-06,製品FCSTから自動展開
DM0000492,C001,2026-12-10,70,FCST_AUTO,P003,CUS001,2026-03-20,製品FCSTから自動展開
DM0000493,C032,2026-12-10,82,FCST_AUTO,P003,CUS001,2026-03-05,製品FCSTから自動展開
DM0000494,C041,2026-12-13,153,FCST_AUTO,P003,CUS001,2026-02-27,製品FCSTから自動展開
DM0000495,C053,2026-12-05,286,FCST_AUTO,P003,CUS001,2026-03-09,製品FCSTから自動展開
DM0000496,C081,2026-12-17,199,FCST_AUTO,P003,CUS001,2026-03-07,製品FCSTから自動展開
DM0000497,C086,2026-12-24,57,FCST_AUTO,P003,CUS001,2026-03-20,製品FCSTから自動展開
DM0000498,C004,2026-11-19,68,FCST_AUTO,P004,CUS001,2026-03-17,製品FCSTから自動展開
DM0000499,C013,2026-11-13,154,FCST_AUTO,P004,CUS001,2026-03-12,製品FCSTから自動展開
DM0000500,C025,2026-11-12,168,FCST_AUTO,P004,CUS001,2026-03-15,製品FCSTから自動展開
DM0000501,C047,2026-11-14,62,FCST_AUTO,P004,CUS001,2026-03-02,製品FCSTから自動展開
DM0000502,C059,2026-11-19,271,FCST_AUTO,P004,CUS001,2026-03-14,製品FCSTから自動展開
DM0000503,C082,2026-11-09,153,FCST_AUTO,P004,CUS001,2026-03-16,製品FCSTから自動展開
DM0000504,C090,2026-11-13,286,FCST_AUTO,P004,CUS001,2026-03-12,製品FCSTから自動展開
DM0000505,C004,2026-12-20,346,FCST_AUTO,P004,CUS001,2026-03-05,製品FCSTから自動展開
DM0000506,C013,2026-12-08,305,FCST_AUTO,P004,CUS001,2026-03-17,製品FCSTから自動展開
DM0000507,C025,2026-12-16,179,FCST_AUTO,P004,CUS001,2026-03-13,製品FCSTから自動展開
DM0000508,C047,2026-12-11,45,FCST_AUTO,P004,CUS001,2026-03-21,製品FCSTから自動展開
DM0000509,C059,2026-12-24,190,FCST_AUTO,P004,CUS001,2026-03-04,製品FCSTから自動展開
DM0000510,C082,2026-12-15,284,FCST_AUTO,P004,CUS001,2026-02-28,製品FCSTから自動展開
DM0000511,C090,2026-12-05,350,FCST_AUTO,P004,CUS001,2026-03-19,製品FCSTから自動展開
DM0000512,C020,2026-11-15,356,FCST_AUTO,P005,CUS001,2026-03-10,製品FCSTから自動展開
DM0000513,C019,2026-11-05,70,FCST_AUTO,P005,CUS001,2026-03-13,製品FCSTから自動展開
DM0000514,C032,2026-11-16,266,FCST_AUTO,P005,CUS001,2026-03-11,製品FCSTから自動展開
DM0000515,C036,2026-11-16,92,FCST_AUTO,P005,CUS001,2026-02-28,製品FCSTから自動展開
DM0000516,C054,2026-11-08,123,FCST_AUTO,P005,CUS001,2026-02-27,製品FCSTから自動展開
DM0000517,C077,2026-11-12,283,FCST_AUTO,P005,CUS001,2026-02-28,製品FCSTから自動展開
DM0000518,C086,2026-11-12,130,FCST_AUTO,P005,CUS001,2026-02-27,製品FCSTから自動展開
DM0000519,C020,2026-12-06,95,FCST_AUTO,P005,CUS001,2026-02-26,製品FCSTから自動展開
DM0000520,C019,2026-12-20,76,FCST_AUTO,P005,CUS001,2026-03-16,製品FCSTから自動展開
DM0000521,C032,2026-12-09,342,FCST_AUTO,P005,CUS001,2026-03-09,製品FCSTから自動展開
DM0000522,C036,2026-12-19,242,FCST_AUTO,P005,CUS001,2026-02-26,製品FCSTから自動展開
DM0000523,C054,2026-12-25,316,FCST_AUTO,P005,CUS001,2026-03-17,製品FCSTから自動展開
DM0000524,C077,2026-12-10,119,FCST_AUTO,P005,CUS001,2026-03-01,製品FCSTから自動展開
DM0000525,C086,2026-12-16,262,FCST_AUTO,P005,CUS001,2026-03-02,製品FCSTから自動展開
DM0000526,C014,2026-11-11,176,FCST_AUTO,P026,CUS001,2026-03-01,製品FCSTから自動展開
DM0000527,C030,2026-11-22,37,FCST_AUTO,P026,CUS001,2026-02-27,製品FCSTから自動展開
DM0000528,C044,2026-11-22,171,FCST_AUTO,P026,CUS001,2026-03-16,製品FCSTから自動展開
DM0000529,C080,2026-11-24,86,FCST_AUTO,P026,CUS001,2026-03-08,製品FCSTから自動展開
DM0000530,C071,2026-11-20,241,FCST_AUTO,P026,CUS001,2026-02-26,製品FCSTから自動展開
DM0000531,C055,2026-11-14,297,FCST_AUTO,P026,CUS001,2026-03-05,製品FCSTから自動展開
DM0000532,C014,2026-12-17,305,FCST_AUTO,P026,CUS001,2026-03-09,製品FCSTから自動展開
DM0000533,C030,2026-12-24,357,FCST_AUTO,P026,CUS001,2026-03-15,製品FCSTから自動展開
DM0000534,C044,2026-12-08,90,FCST_AUTO,P026,CUS001,2026-02-28,製品FCSTから自動展開
DM0000535,C080,2026-12-15,214,FCST_AUTO,P026,CUS001,2026-03-19,製品FCSTから自動展開
DM0000536,C071,2026-12-25,203,FCST_AUTO,P026,CUS001,2026-03-20,製品FCSTから自動展開
DM0000537,C055,2026-12-14,353,FCST_AUTO,P026,CUS001,2026-03-19,製品FCSTから自動展開
DM0000538,C005,2026-11-19,151,FCST_AUTO,P027,CUS001,2026-03-17,製品FCSTから自動展開
DM0000539,C031,2026-11-12,332,FCST_AUTO,P027,CUS001,2026-03-08,製品FCSTから自動展開
DM0000540,C043,2026-11-23,134,FCST_AUTO,P027,CUS001,2026-03-20,製品FCSTから自動展開
DM0000541,C077,2026-11-09,307,FCST_AUTO,P027,CUS001,2026-03-09,製品FCSTから自動展開
DM0000542,C073,2026-11-09,78,FCST_AUTO,P027,CUS001,2026-03-19,製品FCSTから自動展開
DM0000543,C060,2026-11-12,52,FCST_AUTO,P027,CUS001,2026-03-20,製品FCSTから自動展開
DM0000544,C005,2026-12-18,241,FCST_AUTO,P027,CUS001,2026-03-15,製品FCSTから自動展開
DM0000545,C031,2026-12-15,260,FCST_AUTO,P027,CUS001,2026-03-05,製品FCSTから自動展開
DM0000546,C043,2026-12-16,125,FCST_AUTO,P027,CUS001,2026-03-05,製品FCSTから自動展開
DM0000547,C077,2026-12-16,245,FCST_AUTO,P027,CUS001,2026-02-28,製品FCSTから自動展開
DM0000548,C073,2026-12-22,214,FCST_AUTO,P027,CUS001,2026-03-21,製品FCSTから自動展開
DM0000549,C060,2026-12-20,162,FCST_AUTO,P027,CUS001,2026-03-19,製品FCSTから自動展開
DM0000550,C003,2026-11-06,288,FCST_AUTO,P028,CUS001,2026-02-26,製品FCSTから自動展開
DM0000551,C024,2026-11-21,185,FCST_AUTO,P028,CUS001,2026-03-01,製品FCSTから自動展開
DM0000552,C040,2026-11-22,148,FCST_AUTO,P028,CUS001,2026-02-28,製品FCSTから自動展開
DM0000553,C081,2026-11-21,225,FCST_AUTO,P028,CUS001,2026-03-04,製品FCSTから自動展開
DM0000554,C069,2026-11-12,253,FCST_AUTO,P028,CUS001,2026-02-26,製品FCSTから自動展開
DM0000555,C055,2026-11-16,71,FCST_AUTO,P028,CUS001,2026-03-04,製品FCSTから自動展開
DM0000556,C003,2026-12-07,117,FCST_AUTO,P028,CUS001,2026-03-08,製品FCSTから自動展開
DM0000557,C024,2026-12-14,318,FCST_AUTO,P028,CUS001,2026-03-02,製品FCSTから自動展開
DM0000558,C040,2026-12-19,324,FCST_AUTO,P028,CUS001,2026-03-02,製品FCSTから自動展開
DM0000559,C081,2026-12-10,357,FCST_AUTO,P028,CUS001,2026-03-13,製品FCSTから自動展開
DM0000560,C069,2026-12-18,346,FCST_AUTO,P028,CUS001,2026-03-03,製品FCSTから自動展開
DM0000561,C055,2026-12-08,363,FCST_AUTO,P028,CUS001,2026-03-20,製品FCSTから自動展開
DM0000562,C015,2026-11-23,387,FCST_AUTO,P029,CUS001,2026-03-01,製品FCSTから自動展開
DM0000563,C032,2026-11-18,393,FCST_AUTO,P029,CUS001,2026-03-21,製品FCSTから自動展開
DM0000564,C045,2026-11-17,145,FCST_AUTO,P029,CUS001,2026-02-28,製品FCSTから自動展開
DM0000565,C084,2026-11-23,126,FCST_AUTO,P029,CUS001,2026-03-13,製品FCSTから自動展開
DM0000566,C074,2026-11-06,91,FCST_AUTO,P029,CUS001,2026-03-12,製品FCSTから自動展開
DM0000567,C065,2026-11-09,366,FCST_AUTO,P029,CUS001,2026-03-08,製品FCSTから自動展開
DM0000568,C015,2026-12-06,149,FCST_AUTO,P029,CUS001,2026-03-18,製品FCSTから自動展開
DM0000569,C032,2026-12-19,261,FCST_AUTO,P029,CUS001,2026-03-03,製品FCSTから自動展開
DM0000570,C045,2026-12-23,166,FCST_AUTO,P029,CUS001,2026-03-14,製品FCSTから自動展開
DM0000571,C084,2026-12-08,191,FCST_AUTO,P029,CUS001,2026-03-06,製品FCSTから自動展開
DM0000572,C074,2026-12-12,73,FCST_AUTO,P029,CUS001,2026-03-05,製品FCSTから自動展開
DM0000573,C065,2026-12-22,123,FCST_AUTO,P029,CUS001,2026-03-19,製品FCSTから自動展開
DM0000574,C004,2026-11-24,136,FCST_AUTO,P030,CUS001,2026-03-15,製品FCSTから自動展開
DM0000575,C025,2026-11-23,175,FCST_AUTO,P030,CUS001,2026-03-09,製品FCSTから自動展開
DM0000576,C050,2026-11-06,190,FCST_AUTO,P030,CUS001,2026-03-14,製品FCSTから自動展開
DM0000577,C084,2026-11-21,338,FCST_AUTO,P030,CUS001,2026-03-06,製品FCSTから自動展開
DM0000578,C070,2026-11-08,175,FCST_AUTO,P030,CUS001,2026-03-07,製品FCSTから自動展開
DM0000579,C060,2026-11-15,303,FCST_AUTO,P030,CUS001,2026-03-03,製品FCSTから自動展開
DM0000580,C004,2026-12-25,220,FCST_AUTO,P030,CUS001,2026-03-17,製品FCSTから自動展開
DM0000581,C025,2026-12-24,55,FCST_AUTO,P030,CUS001,2026-02-27,製品FCSTから自動展開
DM0000582,C050,2026-12-19,310,FCST_AUTO,P030,CUS001,2026-03-11,製品FCSTから自動展開
DM0000583,C084,2026-12-06,110,FCST_AUTO,P030,CUS001,2026-03-14,製品FCSTから自動展開
DM0000584,C070,2026-12-23,49,FCST_AUTO,P030,CUS001,2026-03-06,製品FCSTから自動展開
DM0000585,C060,2026-12-23,234,FCST_AUTO,P030,CUS001,2026-03-17,製品FCSTから自動展開
DM0000586,C084,2026-04-24,100,EMERGENCY_MANUAL,,CUS001,2026-03-26,親会社からの急な増産指示
DM0000587,C024,2026-04-30,200,EMERGENCY_MANUAL,,CUS001,2026-03-28,競合製品の不具合により受注急増
DM0000588,C042,2026-05-05,50,EMERGENCY_MANUAL,,CUS001,2026-03-26,既存ロットで品質問題、再手配
DM0000589,C004,2026-04-19,100,EMERGENCY_MANUAL,,CUS001,2026-03-28,新規プロジェクトの試作分
DM0000590,C072,2026-04-24,150,EMERGENCY_MANUAL,,CUS001,2026-03-28,客先からの緊急仕様変更
DM0000591,C039,2026-04-17,500,EMERGENCY_MANUAL,,CUS001,2026-03-25,在庫見込み誤差による補填
DM0000592,C065,2026-04-06,300,EMERGENCY_MANUAL,,CUS001,2026-03-27,代替部材調達失敗による手配
DM0000593,C082,2026-04-07,50,EMERGENCY_MANUAL,,CUS001,2026-03-28,量産立上げ前の追加検証用
DM0000594,C090,2026-05-03,100,EMERGENCY_MANUAL,,CUS001,2026-03-24,サンプル出荷分の補充
DM0000595,C040,2026-04-07,150,EMERGENCY_MANUAL,,CUS001,2026-03-25,新規受注対応の追加分
