purchase_order_id,component_id,supplier_id,order_date,expected_delivery_date,quantity,received_qty,outstanding_qty,status,is_delayed,delay_days,unit_cost_usd,total_cost_usd
PO000001,C001,SUP002,2025-10-23,2026-04-30 00:00:00,3000,3000,0,fully_received,False,0,18.5,55500.0
PO000002,C001,SUP002,2026-02-22,2026-09-13 00:00:00,1000,0,1000,in_production,False,0,18.5,18500.0
PO000003,C001,SUP002,2025-10-14,2026-04-28 00:00:00,1500,1500,0,fully_received,False,0,18.5,27750.0
PO000004,C001,SUP002,2026-01-24,2026-08-15 00:00:00,500,0,500,shipped,False,0,18.5,9250.0
PO000005,C002,SUP002,2025-09-23,2026-04-07 00:00:00,3000,0,3000,in_production,False,0,22.0,66000.0
PO000006,C002,SUP002,2026-02-14,2026-08-15 00:00:00,500,0,500,acknowledged,False,0,22.0,11000.0
PO000007,C002,SUP002,2025-11-15,2026-05-16 00:00:00,500,0,500,acknowledged,False,0,22.0,11000.0
PO000008,C002,SUP002,2025-11-04,2026-05-12 00:00:00,2000,0,2000,in_production,False,0,22.0,44000.0
PO000009,C002,SUP002,2025-10-01,2026-05-06 00:00:00,3000,3000,0,fully_received,False,0,22.0,66000.0
PO000010,C003,SUP001,2025-10-22,2026-04-29 00:00:00,6000,0,6000,acknowledged,False,0,15.8,94800.0
PO000011,C003,SUP001,2025-12-05,2026-06-12 00:00:00,1000,546,454,partial_received,False,0,15.8,15800.0
PO000012,C003,SUP001,2026-01-09,2026-06-12 00:00:00,6000,0,6000,in_production,False,0,15.8,94800.0
PO000013,C003,SUP001,2025-11-28,2026-05-22 00:00:00,2000,679,1321,partial_received,False,0,15.8,31600.0
PO000014,C003,SUP001,2025-09-27,2026-03-14 00:00:00,5000,5000,0,fully_received,False,0,15.8,79000.0
PO000015,C004,SUP001,2026-03-06,2026-09-11 00:00:00,1500,0,1500,acknowledged,False,0,19.2,28800.0
PO000016,C004,SUP001,2026-02-18,2026-09-16 00:00:00,2000,0,2000,placed,False,0,19.2,38400.0
PO000017,C004,SUP001,2026-01-26,2026-08-17 00:00:00,3000,0,3000,in_production,False,0,19.2,57600.0
PO000018,C004,SUP001,2026-03-16,2026-08-31 00:00:00,1500,0,1500,acknowledged,False,0,19.2,28800.0
PO000019,C005,SUP005,2025-09-01,2026-04-27 00:00:00,500,0,500,placed,False,0,45.0,22500.0
PO000020,C005,SUP005,2025-09-07,2026-05-03 00:00:00,500,0,500,in_production,False,0,45.0,22500.0
PO000021,C005,SUP005,2025-08-25,2026-05-04 00:00:00,500,0,500,acknowledged,False,0,45.0,22500.0
PO000022,C006,SUP005,2025-09-01,2026-04-13 00:00:00,250,0,250,acknowledged,False,0,38.5,9625.0
PO000023,C006,SUP005,2026-02-12,2026-09-03 00:00:00,1250,0,1250,acknowledged,False,0,38.5,48125.0
PO000024,C006,SUP005,2026-02-05,2026-08-20 00:00:00,1500,529,971,partial_received,False,0,38.5,57750.0
PO000025,C007,SUP004,2026-01-20,2026-07-07 00:00:00,1500,0,1500,placed,False,0,14.2,21300.0
PO000026,C007,SUP004,2026-01-13,2026-06-02 00:00:00,1000,0,1000,shipped,False,0,14.2,14200.0
PO000027,C007,SUP004,2025-11-07,2026-03-27 00:00:00,3000,0,3000,placed,False,0,14.2,42600.0
PO000028,C007,SUP004,2025-12-19,2026-06-05 00:00:00,2500,0,2500,placed,False,0,14.2,35500.0
PO000029,C008,SUP004,2025-10-15,2026-03-18 00:00:00,3000,0,3000,shipped,False,0,28.4,85200.0
PO000030,C008,SUP004,2025-11-08,2026-04-25 00:00:00,2000,0,2000,shipped,False,0,28.4,56800.0
PO000031,C008,SUP004,2026-03-14,2026-08-15 00:00:00,2000,941,1059,partial_received,False,0,28.4,56800.0
PO000032,C009,SUP009,2025-11-16,2026-04-12 00:00:00,4000,0,4000,placed,False,0,8.9,35600.0
PO000033,C009,SUP009,2026-03-01,2026-07-05 00:00:00,5000,0,5000,placed,False,0,8.9,44500.0
PO000034,C010,SUP009,2026-01-10,2026-06-13 00:00:00,3000,0,3000,in_production,False,0,12.5,37500.0
PO000035,C010,SUP009,2025-12-28,2026-05-24 00:00:00,2500,0,2500,in_production,False,0,12.5,31250.0
PO000036,C010,SUP009,2025-11-25,2026-04-28 00:00:00,2500,0,2500,in_production,False,0,12.5,31250.0
PO000037,C011,SUP002,2026-01-25,2026-05-24 00:00:00,8000,3724,4276,partial_received,False,0,3.2,25600.0
PO000038,C011,SUP002,2025-11-25,2026-03-24 00:00:00,8000,0,8000,shipped,False,0,3.2,25600.0
PO000039,C012,SUP002,2026-01-15,2026-05-07 00:00:00,4000,0,4000,shipped,False,0,4.1,16400.0
PO000040,C012,SUP002,2025-11-20,2026-02-26 00:00:00,2000,674,1326,partial_received,True,41,4.1,8200.0
PO000041,C012,SUP002,2025-12-16,2026-05-05 00:00:00,4000,0,4000,in_production,False,0,4.1,16400.0
PO000042,C012,SUP002,2025-12-27,2026-05-09 00:00:00,2000,0,2000,in_production,False,0,4.1,8200.0
PO000043,C013,SUP001,2025-09-18,2026-03-19 00:00:00,750,0,750,shipped,False,0,32.0,24000.0
PO000044,C013,SUP001,2025-10-25,2026-05-23 00:00:00,500,0,500,acknowledged,False,0,32.0,16000.0
PO000045,C013,SUP001,2025-11-18,2026-05-26 00:00:00,250,0,250,in_production,False,0,32.0,8000.0
PO000046,C013,SUP001,2025-10-30,2026-05-14 00:00:00,250,0,250,shipped,False,0,32.0,8000.0
PO000047,C013,SUP001,2025-10-26,2026-05-03 00:00:00,1000,689,311,partial_received,False,0,32.0,32000.0
PO000048,C014,SUP005,2025-10-17,2026-04-10 00:00:00,6000,0,6000,acknowledged,False,0,9.8,58800.0
PO000049,C014,SUP005,2026-02-03,2026-07-07 00:00:00,6000,0,6000,shipped,False,0,9.8,58800.0
PO000050,C015,SUP004,2026-02-05,2026-04-30 00:00:00,4000,2106,1894,partial_received,False,0,6.5,26000.0
PO000051,C015,SUP004,2026-01-29,2026-04-23 00:00:00,4000,0,4000,shipped,False,0,6.5,26000.0
PO000052,C015,SUP004,2026-03-18,2026-06-10 00:00:00,12000,0,12000,in_production,False,0,6.5,78000.0
PO000053,C015,SUP004,2026-02-01,2026-05-17 00:00:00,8000,0,8000,acknowledged,False,0,6.5,52000.0
PO000054,C016,SUP006,2026-01-01,2026-06-11 00:00:00,3000,0,3000,shipped,False,0,7.2,21600.0
PO000055,C016,SUP006,2025-10-27,2026-03-30 00:00:00,1000,362,638,partial_received,False,0,7.2,7200.0
PO000056,C016,SUP006,2025-10-14,2026-02-17 00:00:00,6000,0,6000,placed,False,0,7.2,43200.0
PO000057,C016,SUP006,2025-12-03,2026-04-29 00:00:00,5000,0,5000,in_production,False,0,7.2,36000.0
PO000058,C017,SUP003,2026-01-25,2026-08-09 00:00:00,2500,0,2500,placed,False,0,21.6,54000.0
PO000059,C017,SUP003,2025-12-01,2026-05-04 00:00:00,1500,0,1500,shipped,False,0,21.6,32400.0
PO000060,C017,SUP003,2025-10-21,2026-04-14 00:00:00,2500,0,2500,shipped,False,0,21.6,54000.0
PO000061,C017,SUP003,2026-03-10,2026-08-18 00:00:00,2000,2000,0,fully_received,False,0,21.6,43200.0
PO000062,C018,SUP003,2026-03-20,2026-09-11 00:00:00,750,750,0,fully_received,False,0,35.8,26850.0
PO000063,C018,SUP003,2025-09-06,2026-02-28 00:00:00,750,0,750,acknowledged,True,35,35.8,26850.0
PO000064,C019,SUP009,2026-02-05,2026-06-04 00:00:00,2000,0,2000,in_production,False,0,11.2,22400.0
PO000065,C019,SUP009,2026-01-22,2026-06-11 00:00:00,2500,1556,944,partial_received,False,0,11.2,28000.0
PO000066,C019,SUP009,2026-03-03,2026-07-14 00:00:00,3000,0,3000,placed,False,0,11.2,33600.0
PO000067,C019,SUP009,2026-03-17,2026-07-28 00:00:00,500,265,235,partial_received,False,0,11.2,5600.0
PO000068,C019,SUP009,2025-10-26,2026-03-08 00:00:00,3000,0,3000,shipped,True,26,11.2,33600.0
PO000069,C020,SUP002,2025-12-28,2026-05-10 00:00:00,2500,0,2500,in_production,False,0,13.5,33750.0
PO000070,C020,SUP002,2025-12-19,2026-04-24 00:00:00,2000,794,1206,partial_received,False,0,13.5,27000.0
PO000071,C021,SUP003,2025-11-07,2026-02-13 00:00:00,8000,4786,3214,partial_received,True,55,4.5,36000.0
PO000072,C021,SUP003,2026-02-06,2026-05-15 00:00:00,10000,0,10000,shipped,False,0,4.5,45000.0
PO000073,C021,SUP003,2025-11-06,2026-03-12 00:00:00,4000,4000,0,fully_received,False,0,4.5,18000.0
PO000074,C021,SUP003,2025-12-22,2026-04-13 00:00:00,12000,12000,0,fully_received,False,0,4.5,54000.0
PO000075,C021,SUP003,2026-02-12,2026-05-28 00:00:00,2000,0,2000,placed,False,0,4.5,9000.0
PO000076,C022,SUP003,2026-02-27,2026-06-19 00:00:00,4000,0,4000,shipped,False,0,3.8,15200.0
PO000077,C022,SUP003,2025-12-28,2026-03-22 00:00:00,4000,4000,0,fully_received,False,0,3.8,15200.0
PO000078,C022,SUP003,2025-12-31,2026-04-15 00:00:00,8000,0,8000,shipped,False,0,3.8,30400.0
PO000079,C023,SUP001,2025-10-28,2026-03-24 00:00:00,6000,6000,0,fully_received,False,0,5.2,31200.0
PO000080,C023,SUP001,2025-12-29,2026-06-01 00:00:00,6000,0,6000,acknowledged,False,0,5.2,31200.0
PO000081,C023,SUP001,2025-11-29,2026-03-21 00:00:00,4000,0,4000,in_production,False,0,5.2,20800.0
PO000082,C023,SUP001,2026-01-10,2026-05-30 00:00:00,1000,0,1000,in_production,False,0,5.2,5200.0
PO000083,C023,SUP001,2026-03-03,2026-07-07 00:00:00,4000,0,4000,in_production,False,0,5.2,20800.0
PO000084,C024,SUP001,2025-12-17,2026-06-03 00:00:00,3000,0,3000,placed,False,0,8.4,25200.0
PO000085,C024,SUP001,2026-02-26,2026-07-30 00:00:00,5000,0,5000,in_production,False,0,8.4,42000.0
PO000086,C025,SUP005,2025-10-24,2026-04-10 00:00:00,6000,2879,3121,partial_received,False,0,6.8,40800.0
PO000087,C025,SUP005,2025-10-26,2026-04-19 00:00:00,2000,0,2000,acknowledged,False,0,6.8,13600.0
PO000088,C025,SUP005,2025-11-20,2026-05-07 00:00:00,2000,2000,0,fully_received,False,0,6.8,13600.0
PO000089,C025,SUP005,2025-11-26,2026-04-15 00:00:00,3000,3000,0,fully_received,False,0,6.8,20400.0
PO000090,C025,SUP005,2026-02-28,2026-08-15 00:00:00,6000,0,6000,acknowledged,False,0,6.8,40800.0
PO000091,C026,SUP005,2025-11-29,2026-04-11 00:00:00,10000,0,10000,in_production,False,0,3.2,32000.0
PO000092,C026,SUP005,2026-02-09,2026-06-15 00:00:00,6000,6000,0,fully_received,False,0,3.2,19200.0
PO000093,C026,SUP005,2025-12-12,2026-04-24 00:00:00,6000,0,6000,shipped,False,0,3.2,19200.0
PO000094,C027,SUP007,2025-12-26,2026-04-03 00:00:00,6000,0,6000,placed,False,0,2.9,17400.0
PO000095,C027,SUP007,2025-12-13,2026-04-04 00:00:00,6000,0,6000,shipped,False,0,2.9,17400.0
PO000096,C028,SUP007,2026-02-07,2026-05-02 00:00:00,10000,0,10000,shipped,False,0,4.1,41000.0
PO000097,C028,SUP007,2025-11-24,2026-03-02 00:00:00,6000,6000,0,fully_received,False,0,4.1,24600.0
PO000098,C028,SUP007,2025-12-22,2026-04-20 00:00:00,8000,0,8000,placed,False,0,4.1,32800.0
PO000099,C029,SUP006,2026-02-10,2026-05-19 00:00:00,20000,0,20000,shipped,False,0,1.8,36000.0
PO000100,C029,SUP006,2026-02-07,2026-05-30 00:00:00,10000,0,10000,shipped,False,0,1.8,18000.0
PO000101,C030,SUP008,2025-12-29,2026-04-13 00:00:00,20000,0,20000,in_production,False,0,1.2,24000.0
PO000102,C030,SUP008,2026-03-19,2026-06-11 00:00:00,15000,0,15000,acknowledged,False,0,1.2,18000.0
PO000103,C031,SUP004,2025-12-24,2026-05-13 00:00:00,8000,0,8000,acknowledged,False,0,4.8,38400.0
PO000104,C031,SUP004,2026-02-14,2026-05-30 00:00:00,2000,0,2000,acknowledged,False,0,4.8,9600.0
PO000105,C031,SUP004,2026-02-24,2026-06-30 00:00:00,10000,6534,3466,partial_received,False,0,4.8,48000.0
PO000106,C032,SUP003,2025-12-27,2026-03-07 00:00:00,10000,0,10000,placed,False,0,3.1,31000.0
PO000107,C032,SUP003,2026-03-01,2026-05-03 00:00:00,12000,0,12000,shipped,False,0,3.1,37200.0
PO000108,C033,SUP005,2025-12-19,2026-03-06 00:00:00,5000,0,5000,in_production,False,0,0.9,4500.0
PO000109,C033,SUP005,2026-02-19,2026-05-07 00:00:00,25000,0,25000,acknowledged,False,0,0.9,22500.0
PO000110,C033,SUP005,2026-01-23,2026-03-27 00:00:00,25000,0,25000,acknowledged,False,0,0.9,22500.0
PO000111,C034,SUP003,2025-11-26,2026-04-01 00:00:00,4000,0,4000,in_production,False,0,2.6,10400.0
PO000112,C034,SUP003,2025-11-20,2026-03-12 00:00:00,8000,0,8000,in_production,True,22,2.6,20800.0
PO000113,C034,SUP003,2026-01-16,2026-05-08 00:00:00,8000,8000,0,fully_received,False,0,2.6,20800.0
PO000114,C034,SUP003,2025-12-07,2026-03-08 00:00:00,10000,0,10000,placed,True,30,2.6,26000.0
PO000115,C034,SUP003,2026-01-19,2026-05-25 00:00:00,6000,0,6000,in_production,False,0,2.6,15600.0
PO000116,C035,SUP001,2025-11-09,2026-04-26 00:00:00,1000,0,1000,acknowledged,False,0,9.8,9800.0
PO000117,C035,SUP001,2026-02-08,2026-06-28 00:00:00,4000,4000,0,fully_received,False,0,9.8,39200.0
PO000118,C036,SUP001,2025-12-05,2026-03-06 00:00:00,5000,5000,0,fully_received,False,0,1.2,6000.0
PO000119,C036,SUP001,2026-02-21,2026-06-13 00:00:00,20000,13443,6557,partial_received,False,0,1.2,24000.0
PO000120,C036,SUP001,2026-01-27,2026-04-07 00:00:00,20000,0,20000,in_production,False,0,1.2,24000.0
PO000121,C037,SUP001,2026-01-31,2026-04-25 00:00:00,15000,0,15000,acknowledged,False,0,1.8,27000.0
PO000122,C037,SUP001,2026-02-09,2026-05-04 00:00:00,30000,0,30000,shipped,False,0,1.8,54000.0
PO000123,C037,SUP001,2025-12-10,2026-03-11 00:00:00,10000,0,10000,placed,False,0,1.8,18000.0
PO000124,C038,SUP005,2025-12-22,2026-04-13 00:00:00,10000,0,10000,shipped,False,0,1.4,14000.0
PO000125,C038,SUP005,2026-01-20,2026-04-21 00:00:00,25000,0,25000,placed,False,0,1.4,35000.0
PO000126,C038,SUP005,2026-03-11,2026-05-20 00:00:00,15000,0,15000,acknowledged,False,0,1.4,21000.0
PO000127,C038,SUP005,2026-03-02,2026-06-08 00:00:00,30000,0,30000,shipped,False,0,1.4,42000.0
PO000128,C038,SUP005,2026-01-26,2026-04-06 00:00:00,15000,0,15000,acknowledged,False,0,1.4,21000.0
PO000129,C039,SUP005,2026-03-15,2026-06-14 00:00:00,20000,0,20000,shipped,False,0,1.6,32000.0
PO000130,C039,SUP005,2026-01-01,2026-04-16 00:00:00,5000,0,5000,placed,False,0,1.6,8000.0
PO000131,C040,SUP003,2026-01-04,2026-03-29 00:00:00,5000,0,5000,shipped,False,0,0.95,4750.0
PO000132,C040,SUP003,2026-01-07,2026-03-11 00:00:00,30000,0,30000,placed,False,0,0.95,28500.0
PO000133,C040,SUP003,2026-01-02,2026-03-13 00:00:00,10000,0,10000,in_production,True,25,0.95,9500.0
PO000134,C040,SUP003,2026-03-11,2026-06-03 00:00:00,15000,0,15000,placed,False,0,0.95,14250.0
PO000135,C040,SUP003,2026-01-13,2026-04-07 00:00:00,25000,0,25000,shipped,False,0,0.95,23750.0
PO000136,C041,SUP003,2026-01-31,2026-05-09 00:00:00,20000,0,20000,placed,False,0,0.85,17000.0
PO000137,C041,SUP003,2026-01-31,2026-04-11 00:00:00,15000,0,15000,shipped,False,0,0.85,12750.0
PO000138,C042,SUP001,2026-03-13,2026-05-22 00:00:00,10000,0,10000,shipped,False,0,0.78,7800.0
PO000139,C042,SUP001,2025-12-31,2026-02-25 00:00:00,25000,0,25000,shipped,False,0,0.78,19500.0
PO000140,C042,SUP001,2026-03-16,2026-05-25 00:00:00,25000,0,25000,acknowledged,False,0,0.78,19500.0
PO000141,C042,SUP001,2025-12-29,2026-03-02 00:00:00,30000,0,30000,in_production,False,0,0.78,23400.0
PO000142,C043,SUP005,2026-03-04,2026-04-29 00:00:00,30000,0,30000,shipped,False,0,0.72,21600.0
PO000143,C043,SUP005,2026-01-22,2026-03-19 00:00:00,15000,0,15000,acknowledged,False,0,0.72,10800.0
PO000144,C043,SUP005,2026-03-16,2026-05-25 00:00:00,15000,0,15000,in_production,False,0,0.72,10800.0
PO000145,C044,SUP004,2026-02-17,2026-04-28 00:00:00,30000,0,30000,acknowledged,False,0,1.1,33000.0
PO000146,C044,SUP004,2026-02-04,2026-05-27 00:00:00,5000,2163,2837,partial_received,False,0,1.1,5500.0
PO000147,C044,SUP004,2026-03-06,2026-06-26 00:00:00,15000,0,15000,in_production,False,0,1.1,16500.0
PO000148,C044,SUP004,2026-01-29,2026-05-14 00:00:00,20000,9093,10907,partial_received,False,0,1.1,22000.0
PO000149,C044,SUP004,2026-02-26,2026-05-28 00:00:00,30000,0,30000,in_production,False,0,1.1,33000.0
PO000150,C045,SUP002,2025-12-09,2026-03-03 00:00:00,12000,0,12000,in_production,False,0,3.2,38400.0
PO000151,C045,SUP002,2025-12-06,2026-03-07 00:00:00,10000,0,10000,acknowledged,True,26,3.2,32000.0
PO000152,C045,SUP002,2025-12-27,2026-04-04 00:00:00,6000,0,6000,in_production,False,0,3.2,19200.0
PO000153,C045,SUP002,2025-12-20,2026-04-04 00:00:00,4000,0,4000,shipped,False,0,3.2,12800.0
PO000154,C046,SUP006,2026-01-23,2026-04-03 00:00:00,30000,13230,16770,partial_received,False,0,1.35,40500.0
PO000155,C046,SUP006,2026-01-25,2026-04-19 00:00:00,30000,30000,0,fully_received,False,0,1.35,40500.0
PO000156,C046,SUP006,2026-03-14,2026-05-23 00:00:00,30000,0,30000,shipped,False,0,1.35,40500.0
PO000157,C046,SUP006,2026-02-03,2026-05-12 00:00:00,30000,0,30000,shipped,False,0,1.35,40500.0
PO000158,C047,SUP007,2026-03-03,2026-06-23 00:00:00,25000,0,25000,shipped,False,0,1.25,31250.0
PO000159,C047,SUP007,2026-01-24,2026-04-04 00:00:00,10000,0,10000,placed,False,0,1.25,12500.0
PO000160,C048,SUP003,2025-12-19,2026-04-17 00:00:00,10000,0,10000,placed,False,0,3.8,38000.0
PO000161,C048,SUP003,2026-02-10,2026-06-23 00:00:00,8000,8000,0,fully_received,False,0,3.8,30400.0
PO000162,C048,SUP003,2025-12-16,2026-04-14 00:00:00,2000,0,2000,in_production,False,0,3.8,7600.0
PO000163,C048,SUP003,2025-11-06,2026-02-26 00:00:00,8000,0,8000,acknowledged,True,31,3.8,30400.0
PO000164,C049,SUP005,2026-02-02,2026-06-15 00:00:00,10000,0,10000,in_production,False,0,2.4,24000.0
PO000165,C049,SUP005,2025-10-29,2026-02-18 00:00:00,6000,0,6000,shipped,False,0,2.4,14400.0
PO000166,C050,SUP001,2026-01-02,2026-04-10 00:00:00,12000,12000,0,fully_received,False,0,3.6,43200.0
PO000167,C050,SUP001,2026-01-18,2026-04-19 00:00:00,2000,0,2000,placed,False,0,3.6,7200.0
PO000168,C050,SUP001,2026-03-12,2026-06-25 00:00:00,4000,1912,2088,partial_received,False,0,3.6,14400.0
PO000169,C051,SUP009,2025-12-30,2026-05-12 00:00:00,6000,0,6000,shipped,False,0,1.9,11400.0
PO000170,C051,SUP009,2026-01-06,2026-04-28 00:00:00,4000,0,4000,shipped,False,0,1.9,7600.0
PO000171,C052,SUP009,2025-12-19,2026-04-24 00:00:00,4000,0,4000,placed,False,0,2.8,11200.0
PO000172,C052,SUP009,2026-01-29,2026-06-18 00:00:00,4000,0,4000,acknowledged,False,0,2.8,11200.0
PO000173,C052,SUP009,2025-11-15,2026-02-21 00:00:00,6000,0,6000,in_production,False,0,2.8,16800.0
PO000174,C053,SUP002,2026-01-02,2026-03-13 00:00:00,5000,0,5000,acknowledged,False,0,0.95,4750.0
PO000175,C053,SUP002,2025-12-19,2026-03-20 00:00:00,25000,0,25000,in_production,False,0,0.95,23750.0
PO000176,C053,SUP002,2026-01-07,2026-03-18 00:00:00,10000,10000,0,fully_received,False,0,0.95,9500.0
PO000177,C054,SUP002,2026-01-23,2026-05-08 00:00:00,12000,0,12000,in_production,False,0,2.1,25200.0
PO000178,C054,SUP002,2026-03-05,2026-07-09 00:00:00,10000,0,10000,shipped,False,0,2.1,21000.0
PO000179,C055,SUP009,2026-03-05,2026-05-21 00:00:00,10000,10000,0,fully_received,False,0,3.4,34000.0
PO000180,C055,SUP009,2026-03-14,2026-06-20 00:00:00,2000,0,2000,in_production,False,0,3.4,6800.0
PO000181,C055,SUP009,2026-02-11,2026-04-15 00:00:00,4000,0,4000,acknowledged,False,0,3.4,13600.0
PO000182,C056,SUP009,2026-02-05,2026-04-30 00:00:00,15000,6003,8997,partial_received,False,0,0.65,9750.0
PO000183,C056,SUP009,2025-12-30,2026-03-24 00:00:00,15000,0,15000,placed,False,0,0.65,9750.0
PO000184,C056,SUP009,2026-01-12,2026-03-09 00:00:00,25000,0,25000,shipped,False,0,0.65,16250.0
PO000185,C057,SUP005,2026-02-06,2026-07-17 00:00:00,5000,0,5000,shipped,False,0,5.8,29000.0
PO000186,C057,SUP005,2025-10-18,2026-03-07 00:00:00,5000,0,5000,placed,False,0,5.8,29000.0
PO000187,C057,SUP005,2026-03-01,2026-07-05 00:00:00,6000,0,6000,shipped,False,0,5.8,34800.0
PO000188,C058,SUP008,2025-10-06,2026-03-16 00:00:00,1250,0,1250,in_production,False,0,14.5,18125.0
PO000189,C058,SUP008,2025-11-14,2026-05-22 00:00:00,1250,0,1250,acknowledged,False,0,14.5,18125.0
PO000190,C058,SUP008,2026-01-03,2026-06-27 00:00:00,500,286,214,partial_received,False,0,14.5,7250.0
PO000191,C058,SUP008,2026-01-04,2026-06-28 00:00:00,250,0,250,shipped,False,0,14.5,3625.0
PO000192,C059,SUP008,2025-11-29,2026-05-09 00:00:00,2000,0,2000,in_production,False,0,8.2,16400.0
PO000193,C059,SUP008,2025-12-24,2026-06-10 00:00:00,1000,0,1000,acknowledged,False,0,8.2,8200.0
PO000194,C059,SUP008,2025-12-30,2026-06-23 00:00:00,1500,1500,0,fully_received,False,0,8.2,12300.0
PO000195,C060,SUP009,2025-12-14,2026-03-22 00:00:00,10000,0,10000,in_production,False,0,2.3,23000.0
PO000196,C060,SUP009,2026-01-21,2026-04-15 00:00:00,6000,0,6000,in_production,False,0,2.3,13800.0
PO000197,C060,SUP009,2026-03-03,2026-05-26 00:00:00,2000,0,2000,acknowledged,False,0,2.3,4600.0
PO000198,C061,SUP009,2026-01-02,2026-04-03 00:00:00,4000,4000,0,fully_received,False,0,3.1,12400.0
PO000199,C061,SUP009,2026-03-01,2026-06-21 00:00:00,6000,6000,0,fully_received,False,0,3.1,18600.0
PO000200,C061,SUP009,2025-12-19,2026-03-13 00:00:00,4000,0,4000,shipped,False,0,3.1,12400.0
PO000201,C061,SUP009,2026-01-15,2026-04-16 00:00:00,8000,3991,4009,partial_received,False,0,3.1,24800.0
PO000202,C061,SUP009,2026-03-10,2026-06-09 00:00:00,10000,0,10000,in_production,False,0,3.1,31000.0
PO000203,C062,SUP002,2026-02-22,2026-05-17 00:00:00,6000,0,6000,placed,False,0,2.5,15000.0
PO000204,C062,SUP002,2026-02-13,2026-05-01 00:00:00,10000,5617,4383,partial_received,False,0,2.5,25000.0
PO000205,C062,SUP002,2026-01-20,2026-03-31 00:00:00,10000,0,10000,placed,False,0,2.5,25000.0
PO000206,C063,SUP008,2025-12-01,2026-04-13 00:00:00,1500,0,1500,shipped,False,0,6.4,9600.0
PO000207,C063,SUP008,2025-12-08,2026-04-27 00:00:00,500,0,500,in_production,False,0,6.4,3200.0
PO000208,C064,SUP009,2026-02-03,2026-04-14 00:00:00,15000,0,15000,placed,False,0,1.8,27000.0
PO000209,C064,SUP009,2026-01-16,2026-03-20 00:00:00,25000,0,25000,acknowledged,False,0,1.8,45000.0
PO000210,C064,SUP009,2026-01-02,2026-02-13 00:00:00,10000,10000,0,fully_received,False,0,1.8,18000.0
PO000211,C065,SUP009,2026-02-02,2026-05-11 00:00:00,15000,0,15000,in_production,False,0,0.85,12750.0
PO000212,C065,SUP009,2026-02-03,2026-05-12 00:00:00,10000,0,10000,acknowledged,False,0,0.85,8500.0
PO000213,C065,SUP009,2026-01-15,2026-04-02 00:00:00,25000,0,25000,placed,False,0,0.85,21250.0
PO000214,C065,SUP009,2026-03-17,2026-05-19 00:00:00,30000,0,30000,acknowledged,False,0,0.85,25500.0
PO000215,C065,SUP009,2026-01-20,2026-04-14 00:00:00,20000,0,20000,placed,False,0,0.85,17000.0
PO000216,C066,SUP005,2025-12-28,2026-05-17 00:00:00,6000,0,6000,acknowledged,False,0,3.2,19200.0
PO000217,C066,SUP005,2026-01-04,2026-05-24 00:00:00,6000,0,6000,in_production,False,0,3.2,19200.0
PO000218,C066,SUP005,2025-11-11,2026-03-31 00:00:00,8000,0,8000,shipped,False,0,3.2,25600.0
PO000219,C067,SUP005,2025-11-20,2026-05-21 00:00:00,1000,0,1000,in_production,False,0,8.5,8500.0
PO000220,C067,SUP005,2025-09-30,2026-02-17 00:00:00,4000,0,4000,in_production,False,0,8.5,34000.0
PO000221,C067,SUP005,2025-09-26,2026-03-20 00:00:00,1000,0,1000,in_production,True,18,8.5,8500.0
PO000222,C067,SUP005,2025-10-24,2026-04-10 00:00:00,2000,0,2000,shipped,False,0,8.5,17000.0
PO000223,C068,SUP006,2026-02-06,2026-06-12 00:00:00,12000,0,12000,shipped,False,0,1.8,21600.0
PO000224,C068,SUP006,2025-12-14,2026-03-29 00:00:00,12000,0,12000,acknowledged,False,0,1.8,21600.0
PO000225,C068,SUP006,2026-02-21,2026-06-06 00:00:00,2000,0,2000,in_production,False,0,1.8,3600.0
PO000226,C068,SUP006,2025-12-04,2026-03-19 00:00:00,8000,0,8000,shipped,False,0,1.8,14400.0
PO000227,C068,SUP006,2025-11-21,2026-04-10 00:00:00,12000,0,12000,shipped,False,0,1.8,21600.0
PO000228,C069,SUP006,2025-11-09,2026-04-19 00:00:00,2500,0,2500,acknowledged,False,0,12.0,30000.0
PO000229,C069,SUP006,2025-10-03,2026-03-27 00:00:00,2500,0,2500,in_production,False,0,12.0,30000.0
PO000230,C069,SUP006,2025-11-24,2026-05-25 00:00:00,1500,0,1500,in_production,False,0,12.0,18000.0
PO000231,C070,SUP007,2025-11-18,2026-03-17 00:00:00,2000,0,2000,acknowledged,True,15,4.2,8400.0
PO000232,C070,SUP007,2026-01-07,2026-06-03 00:00:00,2000,0,2000,shipped,False,0,4.2,8400.0
PO000233,C070,SUP007,2025-11-16,2026-03-22 00:00:00,4000,0,4000,acknowledged,False,0,4.2,16800.0
PO000234,C070,SUP007,2026-01-10,2026-05-16 00:00:00,1000,0,1000,in_production,False,0,4.2,4200.0
PO000235,C071,SUP007,2025-12-10,2026-07-08 00:00:00,750,750,0,fully_received,False,0,18.5,13875.0
PO000236,C071,SUP007,2025-08-28,2026-02-19 00:00:00,750,0,750,placed,False,0,18.5,13875.0
PO000237,C071,SUP007,2026-03-01,2026-08-30 00:00:00,1000,0,1000,shipped,False,0,18.5,18500.0
PO000238,C071,SUP007,2025-09-11,2026-03-19 00:00:00,500,0,500,acknowledged,False,0,18.5,9250.0
PO000239,C071,SUP007,2025-10-29,2026-05-20 00:00:00,750,0,750,placed,False,0,18.5,13875.0
PO000240,C072,SUP008,2026-01-18,2026-04-26 00:00:00,12000,12000,0,fully_received,False,0,2.6,31200.0
PO000241,C072,SUP008,2026-01-23,2026-06-05 00:00:00,4000,0,4000,placed,False,0,2.6,10400.0
PO000242,C072,SUP008,2025-12-06,2026-03-28 00:00:00,12000,0,12000,in_production,False,0,2.6,31200.0
PO000243,C073,SUP003,2026-03-21,2026-07-11 00:00:00,4000,0,4000,in_production,False,0,2.1,8400.0
PO000244,C073,SUP003,2025-11-22,2026-03-07 00:00:00,8000,0,8000,shipped,False,0,2.1,16800.0
PO000245,C073,SUP003,2026-02-13,2026-05-22 00:00:00,6000,0,6000,shipped,False,0,2.1,12600.0
PO000246,C074,SUP003,2025-12-28,2026-04-05 00:00:00,4000,0,4000,in_production,False,0,1.4,5600.0
PO000247,C074,SUP003,2025-12-19,2026-04-10 00:00:00,2000,2000,0,fully_received,False,0,1.4,2800.0
PO000248,C075,SUP005,2025-12-05,2026-05-22 00:00:00,2000,2000,0,fully_received,False,0,4.8,9600.0
PO000249,C075,SUP005,2026-03-12,2026-08-27 00:00:00,4000,0,4000,shipped,False,0,4.8,19200.0
PO000250,C075,SUP005,2026-02-02,2026-07-13 00:00:00,3000,911,2089,partial_received,False,0,4.8,14400.0
PO000251,C076,SUP001,2025-11-23,2026-03-01 00:00:00,3000,0,3000,in_production,False,0,6.8,20400.0
PO000252,C076,SUP001,2026-01-13,2026-04-28 00:00:00,2000,974,1026,partial_received,False,0,6.8,13600.0
PO000253,C077,SUP001,2026-02-21,2026-06-13 00:00:00,2000,0,2000,shipped,False,0,8.2,16400.0
PO000254,C077,SUP001,2026-01-15,2026-05-28 00:00:00,2000,0,2000,placed,False,0,8.2,16400.0
PO000255,C077,SUP001,2025-12-25,2026-05-14 00:00:00,3000,0,3000,in_production,False,0,8.2,24600.0
PO000256,C078,SUP003,2026-02-27,2026-05-22 00:00:00,12000,7569,4431,partial_received,False,0,2.4,28800.0
PO000257,C078,SUP003,2026-01-15,2026-03-26 00:00:00,2000,0,2000,in_production,True,4,2.4,4800.0
PO000258,C078,SUP003,2026-01-19,2026-03-30 00:00:00,4000,0,4000,placed,False,0,2.4,9600.0
PO000259,C079,SUP003,2026-02-19,2026-05-21 00:00:00,6000,6000,0,fully_received,False,0,1.8,10800.0
PO000260,C079,SUP003,2026-02-11,2026-05-20 00:00:00,12000,0,12000,in_production,False,0,1.8,21600.0
PO000261,C079,SUP003,2026-02-16,2026-06-01 00:00:00,6000,0,6000,shipped,False,0,1.8,10800.0
PO000262,C079,SUP003,2026-03-14,2026-06-27 00:00:00,2000,0,2000,in_production,False,0,1.8,3600.0
PO000263,C079,SUP003,2026-03-01,2026-05-31 00:00:00,12000,0,12000,in_production,False,0,1.8,21600.0
PO000264,C080,SUP005,2026-02-19,2026-07-02 00:00:00,3000,0,3000,in_production,False,0,3.6,10800.0
PO000265,C080,SUP005,2026-01-24,2026-05-09 00:00:00,2000,0,2000,in_production,False,0,3.6,7200.0
PO000266,C080,SUP005,2025-11-25,2026-04-07 00:00:00,5000,0,5000,in_production,False,0,3.6,18000.0
PO000267,C080,SUP005,2025-11-21,2026-04-10 00:00:00,5000,3151,1849,partial_received,False,0,3.6,18000.0
PO000268,C081,SUP005,2026-03-01,2026-07-19 00:00:00,4000,0,4000,in_production,False,0,5.2,20800.0
PO000269,C081,SUP005,2025-12-19,2026-04-10 00:00:00,5000,0,5000,placed,False,0,5.2,26000.0
PO000270,C081,SUP005,2025-11-01,2026-03-21 00:00:00,2000,0,2000,in_production,True,12,5.2,10400.0
PO000271,C082,SUP006,2026-03-07,2026-06-06 00:00:00,10000,0,10000,shipped,False,0,1.2,12000.0
PO000272,C082,SUP006,2026-01-18,2026-03-15 00:00:00,25000,0,25000,in_production,True,15,1.2,30000.0
PO000273,C082,SUP006,2026-01-15,2026-04-02 00:00:00,20000,0,20000,in_production,False,0,1.2,24000.0
PO000274,C082,SUP006,2026-01-09,2026-03-27 00:00:00,30000,17679,12321,partial_received,False,0,1.2,36000.0
PO000275,C082,SUP006,2026-03-21,2026-06-20 00:00:00,10000,0,10000,in_production,False,0,1.2,12000.0
PO000276,C083,SUP007,2026-01-26,2026-03-23 00:00:00,30000,0,30000,placed,False,0,0.85,25500.0
PO000277,C083,SUP007,2026-03-13,2026-05-15 00:00:00,5000,0,5000,acknowledged,False,0,0.85,4250.0
PO000278,C084,SUP009,2026-03-04,2026-05-27 00:00:00,30000,30000,0,fully_received,False,0,0.45,13500.0
PO000279,C084,SUP009,2026-01-27,2026-03-24 00:00:00,20000,0,20000,in_production,False,0,0.45,9000.0
PO000280,C084,SUP009,2026-02-01,2026-04-05 00:00:00,5000,0,5000,shipped,False,0,0.45,2250.0
PO000281,C085,SUP004,2025-12-28,2026-04-19 00:00:00,6000,0,6000,placed,False,0,3.2,19200.0
PO000282,C085,SUP004,2026-01-12,2026-04-13 00:00:00,10000,0,10000,placed,False,0,3.2,32000.0
PO000283,C085,SUP004,2026-02-21,2026-06-13 00:00:00,2000,0,2000,shipped,False,0,3.2,6400.0
PO000284,C086,SUP010,2026-01-21,2026-04-08 00:00:00,30000,0,30000,in_production,False,0,0.38,11400.0
PO000285,C086,SUP010,2026-01-12,2026-03-16 00:00:00,10000,0,10000,acknowledged,False,0,0.38,3800.0
PO000286,C086,SUP010,2026-02-14,2026-04-04 00:00:00,30000,0,30000,shipped,False,0,0.38,11400.0
PO000287,C086,SUP010,2026-03-17,2026-06-09 00:00:00,30000,0,30000,in_production,False,0,0.38,11400.0
PO000288,C087,SUP010,2026-02-19,2026-04-09 00:00:00,5000,0,5000,placed,False,0,0.42,2100.0
PO000289,C087,SUP010,2026-03-17,2026-05-19 00:00:00,25000,0,25000,shipped,False,0,0.42,10500.0
PO000290,C088,SUP010,2026-02-18,2026-05-20 00:00:00,5000,0,5000,in_production,False,0,0.68,3400.0
PO000291,C088,SUP010,2026-02-20,2026-05-15 00:00:00,10000,0,10000,shipped,False,0,0.68,6800.0
PO000292,C089,SUP010,2026-03-04,2026-06-10 00:00:00,15000,0,15000,acknowledged,False,0,1.2,18000.0
PO000293,C089,SUP010,2025-12-18,2026-03-26 00:00:00,15000,0,15000,in_production,False,0,1.2,18000.0
PO000294,C090,SUP010,2026-02-19,2026-04-30 00:00:00,10000,10000,0,fully_received,False,0,0.95,9500.0
PO000295,C090,SUP010,2026-01-14,2026-03-18 00:00:00,20000,0,20000,acknowledged,True,19,0.95,19000.0
PO000296,C090,SUP010,2026-02-27,2026-05-29 00:00:00,30000,0,30000,in_production,False,0,0.95,28500.0
PO000297,C090,SUP010,2026-01-17,2026-03-14 00:00:00,15000,15000,0,fully_received,False,0,0.95,14250.0
PO000298,C050,SUP001,2026-03-22,2026-04-16,20649,0,20649,acknowledged,False,0,3.6,74336.4
PO000299,C013,SUP001,2026-03-16,2026-05-25,20322,0,20322,placed,False,0,32.0,650304.0
PO000300,C005,SUP005,2026-03-21,2026-05-03,20208,0,20208,acknowledged,False,0,45.0,909360.0
PO000301,C055,SUP009,2026-03-22,2026-04-16,19977,0,19977,acknowledged,False,0,3.4,67921.8
PO000302,C070,SUP007,2026-03-09,2026-04-16,18107,0,18107,acknowledged,False,0,4.2,76049.4
PO000303,C009,SUP009,2026-03-14,2026-05-23,18023,0,18023,placed,False,0,8.9,160404.7
PO000304,C090,SUP010,2026-03-23,2026-05-08,15741,0,15741,placed,False,0,0.95,14953.95
PO000305,C075,SUP005,2026-03-17,2026-04-27,15353,0,15353,placed,False,0,4.8,73694.4
PO000306,C059,SUP008,2026-03-18,2026-05-05,14627,0,14627,in_production,False,0,8.2,119941.4
PO000307,C031,SUP004,2026-03-20,2026-05-12,12853,0,12853,in_production,False,0,4.8,61694.4
PO000308,C077,SUP001,2026-03-13,2026-05-21,12322,0,12322,acknowledged,False,0,8.2,101040.4
PO000309,C004,SUP001,2026-03-16,2026-05-02,11306,0,11306,placed,False,0,19.2,217075.2
PO000310,C014,SUP005,2026-03-10,2026-05-06,10948,0,10948,acknowledged,False,0,9.8,107290.4
PO000311,C027,SUP007,2026-03-06,2026-05-20,9162,0,9162,in_production,False,0,2.9,26569.8
PO000312,C032,SUP003,2026-03-07,2026-05-11,8308,0,8308,acknowledged,False,0,3.1,25754.8
PO000313,C063,SUP008,2026-03-25,2026-04-27,5453,0,5453,placed,False,0,6.4,34899.2
PO000314,C010,SUP009,2026-03-24,2026-05-12,4318,0,4318,placed,False,0,12.5,53975.0
PO000315,C018,SUP003,2026-03-07,2026-04-26,3848,0,3848,acknowledged,False,0,35.8,137758.4
PO000316,C060,SUP009,2026-03-08,2026-05-16,3273,0,3273,acknowledged,False,0,2.3,7527.9
PO000317,C003,SUP001,2026-03-13,2026-05-18,2713,0,2713,acknowledged,False,0,15.8,42865.4
PO000318,C021,SUP003,2026-03-22,2026-04-27,1933,0,1933,placed,False,0,4.5,8698.5
PO000319,C081,SUP005,2026-03-16,2026-05-25,1423,0,1423,in_production,False,0,5.2,7399.6
PO000320,C048,SUP003,2026-03-14,2026-05-25,1146,0,1146,placed,False,0,3.8,4354.8
PO000321,C015,SUP004,2026-03-14,2026-05-08,217,0,217,in_production,False,0,6.5,1410.5
PO000322,C084,SUP009,2026-03-09,2026-05-23,14,0,14,in_production,False,0,0.45,6.3
PO000323,C041,SUP003,2026-03-07,2026-04-13,1372,0,1372,in_production,False,0,0.85,1166.2
PO000324,C041,SUP003,2026-03-26,2026-05-02,1614,0,1614,in_production,False,0,0.85,1371.9
PO000325,C041,SUP003,2026-05-09,2026-06-12,1525,0,1525,acknowledged,False,0,0.85,1296.25
PO000326,C041,SUP003,2026-05-14,2026-07-10,1128,0,1128,in_production,False,0,0.85,958.8
PO000327,C041,SUP003,2026-06-11,2026-08-13,1462,0,1462,placed,False,0,0.85,1242.7
PO000328,C041,SUP003,2026-07-17,2026-09-08,789,0,789,placed,False,0,0.85,670.65
PO000329,C041,SUP003,2026-08-19,2026-10-09,1197,0,1197,in_production,False,0,0.85,1017.45
PO000330,C023,SUP001,2026-01-28,2026-04-04,1361,0,1361,in_production,False,0,5.2,7077.2
PO000331,C023,SUP001,2026-03-29,2026-05-02,1679,0,1679,acknowledged,False,0,5.2,8730.8
PO000332,C023,SUP001,2026-04-08,2026-06-15,1376,0,1376,in_production,False,0,5.2,7155.2
PO000333,C023,SUP001,2026-05-01,2026-07-11,1501,0,1501,placed,False,0,5.2,7805.2
PO000334,C023,SUP001,2026-05-22,2026-08-08,1094,0,1094,placed,False,0,5.2,5688.8
PO000335,C023,SUP001,2026-07-11,2026-09-15,1342,0,1342,in_production,False,0,5.2,6978.4
PO000336,C023,SUP001,2026-08-15,2026-10-12,1325,0,1325,placed,False,0,5.2,6890.0
PO000337,C056,SUP009,2026-01-22,2026-04-12,401,0,401,acknowledged,False,0,0.65,260.65
PO000338,C056,SUP009,2026-02-26,2026-05-11,775,0,775,acknowledged,False,0,0.65,503.75
PO000339,C056,SUP009,2026-04-11,2026-06-07,650,0,650,acknowledged,False,0,0.65,422.5
PO000340,C056,SUP009,2026-04-18,2026-07-11,781,0,781,placed,False,0,0.65,507.65
PO000341,C056,SUP009,2026-07-03,2026-08-02,537,0,537,placed,False,0,0.65,349.05
PO000342,C056,SUP009,2026-06-21,2026-09-10,604,0,604,placed,False,0,0.65,392.6
PO000343,C056,SUP009,2026-09-03,2026-10-08,672,0,672,in_production,False,0,0.65,436.8
PO000344,C071,SUP007,2026-02-03,2026-04-06,982,0,982,in_production,False,0,18.5,18167.0
PO000345,C071,SUP007,2026-03-26,2026-05-09,877,0,877,in_production,False,0,18.5,16224.5
PO000346,C071,SUP007,2026-03-31,2026-06-09,906,0,906,placed,False,0,18.5,16761.0
PO000347,C071,SUP007,2026-04-21,2026-07-11,690,0,690,acknowledged,False,0,18.5,12765.0
PO000348,C071,SUP007,2026-05-18,2026-08-04,1065,0,1065,placed,False,0,18.5,19702.5
PO000349,C071,SUP007,2026-06-06,2026-09-02,826,0,826,placed,False,0,18.5,15281.0
PO000350,C071,SUP007,2026-07-22,2026-10-13,1120,0,1120,in_production,False,0,18.5,20720.0
PO000351,C001,SUP002,2026-03-03,2026-04-02,578,0,578,in_production,False,0,18.5,10693.0
PO000352,C001,SUP002,2026-02-22,2026-05-06,820,0,820,acknowledged,False,0,18.5,15170.0
PO000353,C001,SUP002,2026-05-06,2026-06-08,1052,0,1052,in_production,False,0,18.5,19462.0
PO000354,C001,SUP002,2026-05-27,2026-07-12,883,0,883,in_production,False,0,18.5,16335.5
PO000355,C001,SUP002,2026-05-17,2026-08-06,809,0,809,acknowledged,False,0,18.5,14966.5
PO000356,C001,SUP002,2026-06-27,2026-09-12,712,0,712,placed,False,0,18.5,13172.0
PO000357,C001,SUP002,2026-09-07,2026-10-12,430,0,430,placed,False,0,18.5,7955.0
PO000358,C027,SUP007,2026-01-15,2026-04-13,6966,0,6966,in_production,False,0,2.9,20201.4
PO000359,C027,SUP007,2026-03-16,2026-05-04,7874,0,7874,in_production,False,0,2.9,22834.6
PO000360,C027,SUP007,2026-03-25,2026-06-02,6645,0,6645,in_production,False,0,2.9,19270.5
PO000361,C027,SUP007,2026-05-23,2026-07-02,7718,0,7718,placed,False,0,2.9,22382.2
PO000362,C027,SUP007,2026-06-09,2026-08-08,6427,0,6427,acknowledged,False,0,2.9,18638.3
PO000363,C027,SUP007,2026-06-11,2026-09-08,6972,0,6972,acknowledged,False,0,2.9,20218.8
PO000364,C027,SUP007,2026-07-08,2026-10-05,5948,0,5948,placed,False,0,2.9,17249.2
PO000365,C040,SUP003,2026-03-05,2026-04-15,6973,0,6973,placed,False,0,0.95,6624.35
PO000366,C040,SUP003,2026-02-17,2026-05-12,9354,0,9354,placed,False,0,0.95,8886.3
PO000367,C040,SUP003,2026-03-19,2026-06-04,7911,0,7911,in_production,False,0,0.95,7515.45
PO000368,C040,SUP003,2026-04-13,2026-07-07,8514,0,8514,placed,False,0,0.95,8088.3
PO000369,C040,SUP003,2026-05-26,2026-08-12,7364,0,7364,acknowledged,False,0,0.95,6995.8
PO000370,C040,SUP003,2026-07-13,2026-09-15,7824,0,7824,acknowledged,False,0,0.95,7432.8
PO000371,C040,SUP003,2026-08-13,2026-10-10,6689,0,6689,acknowledged,False,0,0.95,6354.55
PO000372,C066,SUP005,2026-03-03,2026-04-03,1425,0,1425,acknowledged,False,0,3.2,4560.0
PO000373,C066,SUP005,2026-03-05,2026-05-14,1821,0,1821,placed,False,0,3.2,5827.2
PO000374,C066,SUP005,2026-04-26,2026-06-15,1869,0,1869,in_production,False,0,3.2,5980.8
PO000375,C066,SUP005,2026-04-16,2026-07-02,1734,0,1734,in_production,False,0,3.2,5548.8
PO000376,C066,SUP005,2026-06-18,2026-08-08,1615,0,1615,acknowledged,False,0,3.2,5168.0
PO000377,C066,SUP005,2026-06-25,2026-09-07,1546,0,1546,in_production,False,0,3.2,4947.2
PO000378,C066,SUP005,2026-08-17,2026-10-12,1540,0,1540,acknowledged,False,0,3.2,4928.0
PO000379,C011,SUP002,2026-02-04,2026-04-02,4476,0,4476,in_production,False,0,3.2,14323.2
PO000380,C011,SUP002,2026-02-06,2026-05-06,4274,0,4274,placed,False,0,3.2,13676.8
PO000381,C011,SUP002,2026-04-02,2026-06-05,4877,0,4877,placed,False,0,3.2,15606.4
PO000382,C011,SUP002,2026-05-17,2026-07-13,3762,0,3762,acknowledged,False,0,3.2,12038.4
PO000383,C011,SUP002,2026-07-02,2026-08-06,4551,0,4551,in_production,False,0,3.2,14563.2
PO000384,C011,SUP002,2026-07-15,2026-09-06,4320,0,4320,placed,False,0,3.2,13824.0
PO000385,C011,SUP002,2026-08-07,2026-10-06,4020,0,4020,in_production,False,0,3.2,12864.0
PO000386,C045,SUP002,2026-02-14,2026-04-05,7246,0,7246,in_production,False,0,3.2,23187.2
PO000387,C045,SUP002,2026-03-18,2026-05-04,7327,0,7327,placed,False,0,3.2,23446.4
PO000388,C045,SUP002,2026-03-12,2026-06-07,8044,0,8044,in_production,False,0,3.2,25740.8
PO000389,C045,SUP002,2026-04-21,2026-07-09,7192,0,7192,in_production,False,0,3.2,23014.4
PO000390,C045,SUP002,2026-06-08,2026-08-03,7242,0,7242,acknowledged,False,0,3.2,23174.4
PO000391,C045,SUP002,2026-06-25,2026-09-02,6907,0,6907,placed,False,0,3.2,22102.4
PO000392,C045,SUP002,2026-07-22,2026-10-07,6159,0,6159,in_production,False,0,3.2,19708.8
PO000393,C082,SUP006,2026-02-12,2026-04-08,6107,0,6107,in_production,False,0,1.2,7328.4
PO000394,C082,SUP006,2026-03-28,2026-05-09,6473,0,6473,acknowledged,False,0,1.2,7767.6
PO000395,C082,SUP006,2026-03-23,2026-06-05,6387,0,6387,placed,False,0,1.2,7664.4
PO000396,C082,SUP006,2026-05-31,2026-07-15,6200,0,6200,acknowledged,False,0,1.2,7440.0
PO000397,C082,SUP006,2026-06-25,2026-08-08,6858,0,6858,acknowledged,False,0,1.2,8229.6
PO000398,C082,SUP006,2026-07-19,2026-09-08,5945,0,5945,in_production,False,0,1.2,7134.0
PO000399,C082,SUP006,2026-08-25,2026-10-15,5420,0,5420,acknowledged,False,0,1.2,6504.0
PO000400,C036,SUP001,2026-01-11,2026-04-02,4165,0,4165,acknowledged,False,0,1.2,4998.0
PO000401,C036,SUP001,2026-02-24,2026-05-07,4215,0,4215,placed,False,0,1.2,5058.0
PO000402,C036,SUP001,2026-03-09,2026-06-06,3944,0,3944,placed,False,0,1.2,4732.8
PO000403,C036,SUP001,2026-04-24,2026-07-07,4391,0,4391,acknowledged,False,0,1.2,5269.2
PO000404,C036,SUP001,2026-05-31,2026-08-08,4300,0,4300,placed,False,0,1.2,5160.0
PO000405,C036,SUP001,2026-07-14,2026-09-11,4250,0,4250,in_production,False,0,1.2,5100.0
PO000406,C036,SUP001,2026-08-08,2026-10-04,3631,0,3631,acknowledged,False,0,1.2,4357.2
PO000407,C057,SUP005,2026-02-10,2026-04-06,2616,0,2616,placed,False,0,5.8,15172.8
PO000408,C057,SUP005,2026-03-30,2026-05-10,2790,0,2790,placed,False,0,5.8,16182.0
PO000409,C057,SUP005,2026-05-12,2026-06-11,2761,0,2761,in_production,False,0,5.8,16013.8
PO000410,C057,SUP005,2026-04-23,2026-07-15,2765,0,2765,placed,False,0,5.8,16037.0
PO000411,C057,SUP005,2026-07-07,2026-08-06,2767,0,2767,placed,False,0,5.8,16048.6
PO000412,C057,SUP005,2026-07-17,2026-09-06,2577,0,2577,placed,False,0,5.8,14946.6
PO000413,C057,SUP005,2026-08-19,2026-10-13,2133,0,2133,in_production,False,0,5.8,12371.4
PO000414,C087,SUP010,2026-02-11,2026-04-10,8839,0,8839,acknowledged,False,0,0.42,3712.38
PO000415,C087,SUP010,2026-03-04,2026-05-02,7909,0,7909,acknowledged,False,0,0.42,3321.78
PO000416,C087,SUP010,2026-04-26,2026-06-06,9265,0,9265,acknowledged,False,0,0.42,3891.3
PO000417,C087,SUP010,2026-04-29,2026-07-06,9745,0,9745,placed,False,0,0.42,4092.9
PO000418,C087,SUP010,2026-06-15,2026-08-06,8529,0,8529,acknowledged,False,0,0.42,3582.18
PO000419,C087,SUP010,2026-07-03,2026-09-06,7837,0,7837,acknowledged,False,0,0.42,3291.54
PO000420,C087,SUP010,2026-07-16,2026-10-11,7131,0,7131,in_production,False,0,0.42,2995.02
PO000421,C013,SUP001,2026-01-07,2026-04-02,7040,0,7040,placed,False,0,32.0,225280.0
PO000422,C013,SUP001,2026-03-25,2026-05-09,7353,0,7353,in_production,False,0,32.0,235296.0
PO000423,C013,SUP001,2026-04-13,2026-06-13,7922,0,7922,in_production,False,0,32.0,253504.0
PO000424,C013,SUP001,2026-04-25,2026-07-13,8115,0,8115,in_production,False,0,32.0,259680.0
PO000425,C013,SUP001,2026-05-14,2026-08-02,7478,0,7478,in_production,False,0,32.0,239296.0
PO000426,C013,SUP001,2026-08-05,2026-09-04,7950,0,7950,placed,False,0,32.0,254400.0
PO000427,C013,SUP001,2026-07-31,2026-10-12,6742,0,6742,placed,False,0,32.0,215744.0
PO000428,C005,SUP005,2026-03-15,2026-04-15,6543,0,6543,placed,False,0,45.0,294435.0
PO000429,C005,SUP005,2026-03-13,2026-05-04,6366,0,6366,placed,False,0,45.0,286470.0
PO000430,C005,SUP005,2026-04-20,2026-06-14,7909,0,7909,acknowledged,False,0,45.0,355905.0
PO000431,C005,SUP005,2026-04-14,2026-07-03,6889,0,6889,placed,False,0,45.0,310005.0
PO000432,C005,SUP005,2026-05-21,2026-08-11,6539,0,6539,acknowledged,False,0,45.0,294255.0
PO000433,C005,SUP005,2026-06-21,2026-09-14,6789,0,6789,placed,False,0,45.0,305505.0
PO000434,C005,SUP005,2026-08-06,2026-10-10,6394,0,6394,acknowledged,False,0,45.0,287730.0
PO000435,C019,SUP009,2026-02-04,2026-04-09,1404,0,1404,placed,False,0,11.2,15724.8
PO000436,C019,SUP009,2026-03-19,2026-05-05,1656,0,1656,placed,False,0,11.2,18547.2
PO000437,C019,SUP009,2026-04-18,2026-06-09,1555,0,1555,acknowledged,False,0,11.2,17416.0
PO000438,C019,SUP009,2026-04-26,2026-07-13,1677,0,1677,in_production,False,0,11.2,18782.4
PO000439,C019,SUP009,2026-06-07,2026-08-10,1575,0,1575,placed,False,0,11.2,17640.0
PO000440,C019,SUP009,2026-07-15,2026-09-02,1519,0,1519,placed,False,0,11.2,17012.8
PO000441,C019,SUP009,2026-08-25,2026-10-12,1226,0,1226,placed,False,0,11.2,13731.2
PO000442,C029,SUP006,2026-02-03,2026-04-14,2778,0,2778,in_production,False,0,1.8,5000.4
PO000443,C029,SUP006,2026-03-12,2026-05-08,3066,0,3066,acknowledged,False,0,1.8,5518.8
PO000444,C029,SUP006,2026-04-18,2026-06-05,3342,0,3342,acknowledged,False,0,1.8,6015.6
PO000445,C029,SUP006,2026-06-02,2026-07-06,3669,0,3669,in_production,False,0,1.8,6604.2
PO000446,C029,SUP006,2026-05-09,2026-08-05,3259,0,3259,placed,False,0,1.8,5866.2
PO000447,C029,SUP006,2026-07-25,2026-09-08,3025,0,3025,placed,False,0,1.8,5445.0
PO000448,C029,SUP006,2026-07-27,2026-10-06,2595,0,2595,acknowledged,False,0,1.8,4671.0
PO000449,C050,SUP001,2026-03-08,2026-04-11,6432,0,6432,in_production,False,0,3.6,23155.2
PO000450,C050,SUP001,2026-04-02,2026-05-12,7697,0,7697,acknowledged,False,0,3.6,27709.2
PO000451,C050,SUP001,2026-05-02,2026-06-10,7891,0,7891,acknowledged,False,0,3.6,28407.6
PO000452,C050,SUP001,2026-05-08,2026-07-14,7628,0,7628,in_production,False,0,3.6,27460.8
PO000453,C050,SUP001,2026-05-30,2026-08-09,6604,0,6604,placed,False,0,3.6,23774.4
PO000454,C050,SUP001,2026-08-11,2026-09-11,7990,0,7990,placed,False,0,3.6,28764.0
PO000455,C050,SUP001,2026-08-20,2026-10-07,6616,0,6616,placed,False,0,3.6,23817.6
PO000456,C063,SUP008,2026-02-18,2026-04-05,3078,0,3078,in_production,False,0,6.4,19699.2
PO000457,C063,SUP008,2026-04-11,2026-05-14,3146,0,3146,acknowledged,False,0,6.4,20134.4
PO000458,C063,SUP008,2026-03-23,2026-06-04,2924,0,2924,acknowledged,False,0,6.4,18713.6
PO000459,C063,SUP008,2026-05-17,2026-07-11,3147,0,3147,in_production,False,0,6.4,20140.8
PO000460,C063,SUP008,2026-05-22,2026-08-04,2911,0,2911,placed,False,0,6.4,18630.4
PO000461,C063,SUP008,2026-06-20,2026-09-15,2401,0,2401,placed,False,0,6.4,15366.4
PO000462,C063,SUP008,2026-09-08,2026-10-08,2819,0,2819,in_production,False,0,6.4,18041.6
PO000463,C074,SUP003,2026-01-19,2026-04-15,7379,0,7379,in_production,False,0,1.4,10330.6
PO000464,C074,SUP003,2026-02-14,2026-05-10,8421,0,8421,placed,False,0,1.4,11789.4
PO000465,C074,SUP003,2026-03-12,2026-06-07,8004,0,8004,placed,False,0,1.4,11205.6
PO000466,C074,SUP003,2026-04-29,2026-07-14,7999,0,7999,placed,False,0,1.4,11198.6
PO000467,C074,SUP003,2026-06-27,2026-08-06,6894,0,6894,placed,False,0,1.4,9651.6
PO000468,C074,SUP003,2026-07-17,2026-09-04,7361,0,7361,placed,False,0,1.4,10305.4
PO000469,C074,SUP003,2026-07-24,2026-10-10,6602,0,6602,acknowledged,False,0,1.4,9242.8
PO000470,C070,SUP007,2026-01-10,2026-04-02,8039,0,8039,acknowledged,False,0,4.2,33763.8
PO000471,C070,SUP007,2026-02-11,2026-05-08,9054,0,9054,in_production,False,0,4.2,38026.8
PO000472,C070,SUP007,2026-04-03,2026-06-09,8965,0,8965,placed,False,0,4.2,37653.0
PO000473,C070,SUP007,2026-05-09,2026-07-13,8686,0,8686,acknowledged,False,0,4.2,36481.2
PO000474,C070,SUP007,2026-05-26,2026-08-13,8153,0,8153,placed,False,0,4.2,34242.6
PO000475,C070,SUP007,2026-06-21,2026-09-12,9408,0,9408,in_production,False,0,4.2,39513.6
PO000476,C070,SUP007,2026-07-12,2026-10-02,7229,0,7229,placed,False,0,4.2,30361.8
PO000477,C077,SUP001,2026-03-03,2026-04-14,6198,0,6198,acknowledged,False,0,8.2,50823.6
PO000478,C077,SUP001,2026-03-21,2026-05-07,5896,0,5896,in_production,False,0,8.2,48347.2
PO000479,C077,SUP001,2026-05-10,2026-06-10,6668,0,6668,acknowledged,False,0,8.2,54677.6
PO000480,C077,SUP001,2026-04-06,2026-07-03,7294,0,7294,placed,False,0,8.2,59810.8
PO000481,C077,SUP001,2026-06-08,2026-08-09,5618,0,5618,acknowledged,False,0,8.2,46067.6
PO000482,C077,SUP001,2026-07-24,2026-09-02,6703,0,6703,placed,False,0,8.2,54964.6
PO000483,C077,SUP001,2026-08-20,2026-10-10,5874,0,5874,in_production,False,0,8.2,48166.8
PO000484,C031,SUP004,2026-02-11,2026-04-14,8558,0,8558,acknowledged,False,0,4.8,41078.4
PO000485,C031,SUP004,2026-03-13,2026-05-02,7769,0,7769,in_production,False,0,4.8,37291.2
PO000486,C031,SUP004,2026-04-29,2026-06-02,9235,0,9235,in_production,False,0,4.8,44328.0
PO000487,C031,SUP004,2026-04-13,2026-07-04,8677,0,8677,in_production,False,0,4.8,41649.6
PO000488,C031,SUP004,2026-06-28,2026-08-06,8115,0,8115,acknowledged,False,0,4.8,38952.0
PO000489,C031,SUP004,2026-07-25,2026-09-06,7929,0,7929,placed,False,0,4.8,38059.2
PO000490,C031,SUP004,2026-07-22,2026-10-04,6637,0,6637,placed,False,0,4.8,31857.6
PO000491,C034,SUP003,2026-01-14,2026-04-02,835,0,835,acknowledged,False,0,2.6,2171.0
PO000492,C034,SUP003,2026-03-02,2026-05-09,892,0,892,acknowledged,False,0,2.6,2319.2
PO000493,C034,SUP003,2026-03-16,2026-06-07,856,0,856,in_production,False,0,2.6,2225.6
PO000494,C034,SUP003,2026-06-13,2026-07-13,1013,0,1013,acknowledged,False,0,2.6,2633.8
PO000495,C034,SUP003,2026-06-17,2026-08-15,873,0,873,in_production,False,0,2.6,2269.8
PO000496,C034,SUP003,2026-07-26,2026-09-08,998,0,998,placed,False,0,2.6,2594.8
PO000497,C034,SUP003,2026-08-24,2026-10-03,825,0,825,in_production,False,0,2.6,2145.0
PO000498,C012,SUP002,2026-02-09,2026-04-13,783,0,783,acknowledged,False,0,4.1,3210.3
PO000499,C012,SUP002,2026-03-05,2026-05-03,793,0,793,in_production,False,0,4.1,3251.3
PO000500,C012,SUP002,2026-03-14,2026-06-03,905,0,905,placed,False,0,4.1,3710.5
PO000501,C012,SUP002,2026-05-26,2026-07-09,753,0,753,acknowledged,False,0,4.1,3087.3
PO000502,C012,SUP002,2026-06-19,2026-08-04,897,0,897,placed,False,0,4.1,3677.7
PO000503,C012,SUP002,2026-06-18,2026-09-11,973,0,973,placed,False,0,4.1,3989.3
PO000504,C012,SUP002,2026-08-25,2026-10-13,771,0,771,placed,False,0,4.1,3161.1
PO000505,C067,SUP005,2026-03-06,2026-04-06,1985,0,1985,placed,False,0,8.5,16872.5
PO000506,C067,SUP005,2026-02-24,2026-05-12,1941,0,1941,in_production,False,0,8.5,16498.5
PO000507,C067,SUP005,2026-04-19,2026-06-10,1845,0,1845,in_production,False,0,8.5,15682.5
PO000508,C067,SUP005,2026-04-20,2026-07-12,1907,0,1907,placed,False,0,8.5,16209.5
PO000509,C067,SUP005,2026-06-09,2026-08-04,2064,0,2064,placed,False,0,8.5,17544.0
PO000510,C067,SUP005,2026-06-19,2026-09-14,1878,0,1878,in_production,False,0,8.5,15963.0
PO000511,C067,SUP005,2026-08-20,2026-10-06,1371,0,1371,acknowledged,False,0,8.5,11653.5
PO000512,C068,SUP006,2026-03-02,2026-04-06,1345,0,1345,placed,False,0,1.8,2421.0
PO000513,C068,SUP006,2026-03-19,2026-05-13,1368,0,1368,acknowledged,False,0,1.8,2462.4
PO000514,C068,SUP006,2026-04-21,2026-06-15,1366,0,1366,placed,False,0,1.8,2458.8
PO000515,C068,SUP006,2026-04-16,2026-07-11,1641,0,1641,in_production,False,0,1.8,2953.8
PO000516,C068,SUP006,2026-06-11,2026-08-09,1265,0,1265,in_production,False,0,1.8,2277.0
PO000517,C068,SUP006,2026-07-30,2026-09-14,1595,0,1595,acknowledged,False,0,1.8,2871.0
PO000518,C068,SUP006,2026-07-23,2026-10-09,1412,0,1412,in_production,False,0,1.8,2541.6
PO000519,C032,SUP003,2026-02-17,2026-04-09,9223,0,9223,acknowledged,False,0,3.1,28591.3
PO000520,C032,SUP003,2026-03-26,2026-05-08,10920,0,10920,acknowledged,False,0,3.1,33852.0
PO000521,C032,SUP003,2026-03-19,2026-06-15,11122,0,11122,in_production,False,0,3.1,34478.2
PO000522,C032,SUP003,2026-04-24,2026-07-08,10721,0,10721,in_production,False,0,3.1,33235.1
PO000523,C032,SUP003,2026-06-28,2026-08-14,10174,0,10174,acknowledged,False,0,3.1,31539.4
PO000524,C032,SUP003,2026-07-22,2026-09-04,9520,0,9520,placed,False,0,3.1,29512.0
PO000525,C032,SUP003,2026-09-04,2026-10-13,9269,0,9269,in_production,False,0,3.1,28733.9
PO000526,C076,SUP001,2026-02-16,2026-04-08,1606,0,1606,acknowledged,False,0,6.8,10920.8
PO000527,C076,SUP001,2026-03-25,2026-05-10,1788,0,1788,placed,False,0,6.8,12158.4
PO000528,C076,SUP001,2026-04-27,2026-06-05,2073,0,2073,in_production,False,0,6.8,14096.4
PO000529,C076,SUP001,2026-04-18,2026-07-03,1996,0,1996,in_production,False,0,6.8,13572.8
PO000530,C076,SUP001,2026-06-01,2026-08-09,1899,0,1899,placed,False,0,6.8,12913.2
PO000531,C076,SUP001,2026-07-03,2026-09-11,1890,0,1890,placed,False,0,6.8,12852.0
PO000532,C076,SUP001,2026-08-09,2026-10-11,1592,0,1592,in_production,False,0,6.8,10825.6
PO000533,C010,SUP009,2026-03-10,2026-04-14,4371,0,4371,placed,False,0,12.5,54637.5
PO000534,C010,SUP009,2026-03-16,2026-05-06,4975,0,4975,placed,False,0,12.5,62187.5
PO000535,C010,SUP009,2026-03-23,2026-06-08,4667,0,4667,acknowledged,False,0,12.5,58337.5
PO000536,C010,SUP009,2026-05-17,2026-07-15,4543,0,4543,in_production,False,0,12.5,56787.5
PO000537,C010,SUP009,2026-05-18,2026-08-10,3861,0,3861,in_production,False,0,12.5,48262.5
PO000538,C010,SUP009,2026-07-05,2026-09-09,4439,0,4439,in_production,False,0,12.5,55487.5
PO000539,C010,SUP009,2026-08-09,2026-10-05,4335,0,4335,in_production,False,0,12.5,54187.5
PO000540,C069,SUP006,2026-01-14,2026-04-07,14343,0,14343,placed,False,0,12.0,172116.0
PO000541,C069,SUP006,2026-02-16,2026-05-07,15181,0,15181,acknowledged,False,0,12.0,182172.0
PO000542,C069,SUP006,2026-05-06,2026-06-12,16251,0,16251,acknowledged,False,0,12.0,195012.0
PO000543,C069,SUP006,2026-06-09,2026-07-13,13509,0,13509,acknowledged,False,0,12.0,162108.0
PO000544,C069,SUP006,2026-06-18,2026-08-05,14440,0,14440,placed,False,0,12.0,173280.0
PO000545,C069,SUP006,2026-06-29,2026-09-13,14306,0,14306,placed,False,0,12.0,171672.0
PO000546,C069,SUP006,2026-08-02,2026-10-07,12430,0,12430,acknowledged,False,0,12.0,149160.0
PO000547,C006,SUP005,2026-02-22,2026-04-05,8078,0,8078,in_production,False,0,38.5,311003.0
PO000548,C006,SUP005,2026-02-17,2026-05-07,8878,0,8878,acknowledged,False,0,38.5,341803.0
PO000549,C006,SUP005,2026-03-30,2026-06-11,9041,0,9041,acknowledged,False,0,38.5,348078.5
PO000550,C006,SUP005,2026-05-15,2026-07-03,8113,0,8113,placed,False,0,38.5,312350.5
PO000551,C006,SUP005,2026-06-25,2026-08-10,7704,0,7704,placed,False,0,38.5,296604.0
PO000552,C006,SUP005,2026-07-04,2026-09-09,8435,0,8435,in_production,False,0,38.5,324747.5
PO000553,C006,SUP005,2026-08-29,2026-10-02,7643,0,7643,acknowledged,False,0,38.5,294255.5
PO000554,C043,SUP005,2026-02-19,2026-04-03,5350,0,5350,placed,False,0,0.72,3852.0
PO000555,C043,SUP005,2026-03-08,2026-05-10,5900,0,5900,in_production,False,0,0.72,4248.0
PO000556,C043,SUP005,2026-04-19,2026-06-09,5434,0,5434,placed,False,0,0.72,3912.48
PO000557,C043,SUP005,2026-05-05,2026-07-10,4831,0,4831,acknowledged,False,0,0.72,3478.32
PO000558,C043,SUP005,2026-06-15,2026-08-04,5495,0,5495,placed,False,0,0.72,3956.4
PO000559,C043,SUP005,2026-07-31,2026-09-12,5233,0,5233,acknowledged,False,0,0.72,3767.76
PO000560,C043,SUP005,2026-07-28,2026-10-10,4778,0,4778,acknowledged,False,0,0.72,3440.16
PO000561,C048,SUP003,2026-03-03,2026-04-09,7135,0,7135,in_production,False,0,3.8,27113.0
PO000562,C048,SUP003,2026-02-26,2026-05-04,8326,0,8326,placed,False,0,3.8,31638.8
PO000563,C048,SUP003,2026-04-09,2026-06-02,8068,0,8068,placed,False,0,3.8,30658.4
PO000564,C048,SUP003,2026-06-07,2026-07-08,7707,0,7707,acknowledged,False,0,3.8,29286.6
PO000565,C048,SUP003,2026-05-21,2026-08-09,6725,0,6725,in_production,False,0,3.8,25555.0
PO000566,C048,SUP003,2026-08-06,2026-09-07,6181,0,6181,in_production,False,0,3.8,23487.8
PO000567,C048,SUP003,2026-07-22,2026-10-11,6220,0,6220,in_production,False,0,3.8,23636.0
PO000568,C017,SUP003,2026-01-11,2026-04-02,1343,0,1343,acknowledged,False,0,21.6,29008.8
PO000569,C017,SUP003,2026-03-08,2026-05-05,1814,0,1814,acknowledged,False,0,21.6,39182.4
PO000570,C017,SUP003,2026-04-09,2026-06-14,1672,0,1672,in_production,False,0,21.6,36115.2
PO000571,C017,SUP003,2026-06-12,2026-07-15,1711,0,1711,acknowledged,False,0,21.6,36957.6
PO000572,C017,SUP003,2026-05-10,2026-08-06,1750,0,1750,acknowledged,False,0,21.6,37800.0
PO000573,C017,SUP003,2026-07-27,2026-09-07,1253,0,1253,in_production,False,0,21.6,27064.8
PO000574,C017,SUP003,2026-08-22,2026-10-14,1182,0,1182,in_production,False,0,21.6,25531.2
PO000575,C046,SUP006,2026-02-07,2026-04-06,5100,0,5100,in_production,False,0,1.35,6885.0
PO000576,C046,SUP006,2026-04-13,2026-05-14,4872,0,4872,in_production,False,0,1.35,6577.2
PO000577,C046,SUP006,2026-03-31,2026-06-04,5085,0,5085,acknowledged,False,0,1.35,6864.75
PO000578,C046,SUP006,2026-05-18,2026-07-06,5182,0,5182,in_production,False,0,1.35,6995.7
PO000579,C046,SUP006,2026-06-03,2026-08-09,5028,0,5028,acknowledged,False,0,1.35,6787.8
PO000580,C046,SUP006,2026-06-28,2026-09-11,5154,0,5154,in_production,False,0,1.35,6957.9
PO000581,C046,SUP006,2026-08-06,2026-10-14,4285,0,4285,acknowledged,False,0,1.35,5784.75
PO000582,C035,SUP001,2026-01-16,2026-04-02,6263,0,6263,in_production,False,0,9.8,61377.4
PO000583,C035,SUP001,2026-02-17,2026-05-05,8293,0,8293,placed,False,0,9.8,81271.4
PO000584,C035,SUP001,2026-03-30,2026-06-09,7854,0,7854,placed,False,0,9.8,76969.2
PO000585,C035,SUP001,2026-06-03,2026-07-11,7045,0,7045,acknowledged,False,0,9.8,69041.0
PO000586,C035,SUP001,2026-06-07,2026-08-15,6275,0,6275,placed,False,0,9.8,61495.0
PO000587,C035,SUP001,2026-08-09,2026-09-08,7156,0,7156,acknowledged,False,0,9.8,70128.8
PO000588,C035,SUP001,2026-07-28,2026-10-11,5521,0,5521,acknowledged,False,0,9.8,54105.8
PO000589,C008,SUP004,2026-01-09,2026-04-02,1725,0,1725,in_production,False,0,28.4,48990.0
PO000590,C008,SUP004,2026-02-19,2026-05-06,1878,0,1878,placed,False,0,28.4,53335.2
PO000591,C008,SUP004,2026-03-22,2026-06-11,2097,0,2097,placed,False,0,28.4,59554.8
PO000592,C008,SUP004,2026-05-07,2026-07-10,1920,0,1920,in_production,False,0,28.4,54528.0
PO000593,C008,SUP004,2026-07-02,2026-08-11,1865,0,1865,acknowledged,False,0,28.4,52966.0
PO000594,C008,SUP004,2026-07-09,2026-09-03,1460,0,1460,acknowledged,False,0,28.4,41464.0
PO000595,C008,SUP004,2026-07-16,2026-10-12,1940,0,1940,in_production,False,0,28.4,55096.0
PO000596,C079,SUP003,2026-02-14,2026-04-09,1603,0,1603,in_production,False,0,1.8,2885.4
PO000597,C079,SUP003,2026-03-14,2026-05-06,1799,0,1799,placed,False,0,1.8,3238.2
PO000598,C079,SUP003,2026-04-22,2026-06-12,1951,0,1951,acknowledged,False,0,1.8,3511.8
PO000599,C079,SUP003,2026-04-19,2026-07-06,1679,0,1679,in_production,False,0,1.8,3022.2
PO000600,C079,SUP003,2026-05-24,2026-08-10,1807,0,1807,acknowledged,False,0,1.8,3252.6
PO000601,C079,SUP003,2026-07-07,2026-09-14,1775,0,1775,placed,False,0,1.8,3195.0
PO000602,C079,SUP003,2026-08-16,2026-10-14,1410,0,1410,in_production,False,0,1.8,2538.0
PO000603,C028,SUP007,2026-02-20,2026-04-09,1576,0,1576,acknowledged,False,0,4.1,6461.6
PO000604,C028,SUP007,2026-02-25,2026-05-14,1519,0,1519,placed,False,0,4.1,6227.9
PO000605,C028,SUP007,2026-04-22,2026-06-09,1777,0,1777,acknowledged,False,0,4.1,7285.7
PO000606,C028,SUP007,2026-04-19,2026-07-04,1504,0,1504,acknowledged,False,0,4.1,6166.4
PO000607,C028,SUP007,2026-05-27,2026-08-13,1503,0,1503,acknowledged,False,0,4.1,6162.3
PO000608,C028,SUP007,2026-08-02,2026-09-04,1701,0,1701,placed,False,0,4.1,6974.1
PO000609,C028,SUP007,2026-08-01,2026-10-08,1491,0,1491,in_production,False,0,4.1,6113.1
PO000610,C020,SUP002,2026-02-22,2026-04-11,625,0,625,acknowledged,False,0,13.5,8437.5
PO000611,C020,SUP002,2026-03-11,2026-05-02,589,0,589,in_production,False,0,13.5,7951.5
PO000612,C020,SUP002,2026-04-28,2026-06-03,523,0,523,placed,False,0,13.5,7060.5
PO000613,C020,SUP002,2026-04-17,2026-07-10,687,0,687,in_production,False,0,13.5,9274.5
PO000614,C020,SUP002,2026-07-06,2026-08-12,666,0,666,acknowledged,False,0,13.5,8991.0
PO000615,C020,SUP002,2026-08-05,2026-09-06,652,0,652,in_production,False,0,13.5,8802.0
PO000616,C020,SUP002,2026-08-07,2026-10-09,572,0,572,in_production,False,0,13.5,7722.0
PO000617,C085,SUP004,2026-02-13,2026-04-15,5025,0,5025,acknowledged,False,0,3.2,16080.0
PO000618,C085,SUP004,2026-02-13,2026-05-05,5397,0,5397,placed,False,0,3.2,17270.4
PO000619,C085,SUP004,2026-04-16,2026-06-15,5435,0,5435,in_production,False,0,3.2,17392.0
PO000620,C085,SUP004,2026-05-30,2026-07-08,5440,0,5440,in_production,False,0,3.2,17408.0
PO000621,C085,SUP004,2026-06-19,2026-08-06,5045,0,5045,placed,False,0,3.2,16144.0
PO000622,C085,SUP004,2026-06-17,2026-09-14,5868,0,5868,acknowledged,False,0,3.2,18777.6
PO000623,C085,SUP004,2026-08-18,2026-10-06,5033,0,5033,in_production,False,0,3.2,16105.6
PO000624,C026,SUP005,2026-03-02,2026-04-03,5550,0,5550,in_production,False,0,3.2,17760.0
PO000625,C026,SUP005,2026-04-01,2026-05-05,4911,0,4911,placed,False,0,3.2,15715.2
PO000626,C026,SUP005,2026-05-08,2026-06-15,5910,0,5910,acknowledged,False,0,3.2,18912.0
PO000627,C026,SUP005,2026-04-14,2026-07-04,5034,0,5034,acknowledged,False,0,3.2,16108.8
PO000628,C026,SUP005,2026-06-24,2026-08-09,5614,0,5614,acknowledged,False,0,3.2,17964.8
PO000629,C026,SUP005,2026-06-29,2026-09-12,5110,0,5110,in_production,False,0,3.2,16352.0
PO000630,C026,SUP005,2026-07-15,2026-10-02,5280,0,5280,in_production,False,0,3.2,16896.0
PO000631,C054,SUP002,2026-01-31,2026-04-10,4504,0,4504,acknowledged,False,0,2.1,9458.4
PO000632,C054,SUP002,2026-03-31,2026-05-08,4968,0,4968,acknowledged,False,0,2.1,10432.8
PO000633,C054,SUP002,2026-05-13,2026-06-15,5427,0,5427,acknowledged,False,0,2.1,11396.7
PO000634,C054,SUP002,2026-05-12,2026-07-14,5581,0,5581,in_production,False,0,2.1,11720.1
PO000635,C054,SUP002,2026-06-21,2026-08-07,4832,0,4832,placed,False,0,2.1,10147.2
PO000636,C054,SUP002,2026-07-05,2026-09-10,4861,0,4861,acknowledged,False,0,2.1,10208.1
PO000637,C054,SUP002,2026-08-04,2026-10-10,4133,0,4133,acknowledged,False,0,2.1,8679.3
PO000638,C014,SUP005,2026-01-25,2026-04-06,7892,0,7892,acknowledged,False,0,9.8,77341.6
PO000639,C014,SUP005,2026-03-11,2026-05-10,7475,0,7475,acknowledged,False,0,9.8,73255.0
PO000640,C014,SUP005,2026-04-23,2026-06-03,7753,0,7753,placed,False,0,9.8,75979.4
PO000641,C014,SUP005,2026-05-30,2026-07-08,7915,0,7915,placed,False,0,9.8,77567.0
PO000642,C014,SUP005,2026-06-10,2026-08-06,8124,0,8124,acknowledged,False,0,9.8,79615.2
PO000643,C014,SUP005,2026-06-06,2026-09-03,6775,0,6775,acknowledged,False,0,9.8,66395.0
PO000644,C014,SUP005,2026-07-14,2026-10-04,6141,0,6141,in_production,False,0,9.8,60181.8
PO000645,C025,SUP005,2026-02-25,2026-04-06,1892,0,1892,in_production,False,0,6.8,12865.6
PO000646,C025,SUP005,2026-02-03,2026-05-02,2180,0,2180,in_production,False,0,6.8,14824.0
PO000647,C025,SUP005,2026-04-05,2026-06-07,2298,0,2298,in_production,False,0,6.8,15626.4
PO000648,C025,SUP005,2026-05-17,2026-07-07,2572,0,2572,placed,False,0,6.8,17489.6
PO000649,C025,SUP005,2026-06-07,2026-08-11,2078,0,2078,in_production,False,0,6.8,14130.4
PO000650,C025,SUP005,2026-06-15,2026-09-04,2297,0,2297,in_production,False,0,6.8,15619.6
PO000651,C025,SUP005,2026-07-30,2026-10-12,2111,0,2111,in_production,False,0,6.8,14354.8
PO000652,C004,SUP001,2026-03-11,2026-04-11,6396,0,6396,placed,False,0,19.2,122803.2
PO000653,C004,SUP001,2026-03-24,2026-05-09,6680,0,6680,placed,False,0,19.2,128256.0
PO000654,C004,SUP001,2026-04-04,2026-06-12,7268,0,7268,acknowledged,False,0,19.2,139545.6
PO000655,C004,SUP001,2026-06-02,2026-07-04,7122,0,7122,acknowledged,False,0,19.2,136742.4
PO000656,C004,SUP001,2026-05-25,2026-08-13,6652,0,6652,acknowledged,False,0,19.2,127718.4
PO000657,C004,SUP001,2026-07-27,2026-09-13,6335,0,6335,placed,False,0,19.2,121632.0
PO000658,C004,SUP001,2026-07-26,2026-10-12,5468,0,5468,placed,False,0,19.2,104985.6
PO000659,C018,SUP003,2026-01-16,2026-04-10,1880,0,1880,placed,False,0,35.8,67304.0
PO000660,C018,SUP003,2026-03-31,2026-05-15,2019,0,2019,in_production,False,0,35.8,72280.2
PO000661,C018,SUP003,2026-04-21,2026-06-06,2184,0,2184,in_production,False,0,35.8,78187.2
PO000662,C018,SUP003,2026-05-31,2026-07-07,2172,0,2172,placed,False,0,35.8,77757.6
PO000663,C018,SUP003,2026-06-30,2026-08-13,2068,0,2068,in_production,False,0,35.8,74034.4
PO000664,C018,SUP003,2026-07-21,2026-09-14,1940,0,1940,in_production,False,0,35.8,69452.0
PO000665,C018,SUP003,2026-08-23,2026-10-08,1649,0,1649,in_production,False,0,35.8,59034.2
PO000666,C039,SUP005,2026-01-10,2026-04-07,4204,0,4204,in_production,False,0,1.6,6726.4
PO000667,C039,SUP005,2026-03-31,2026-05-06,3886,0,3886,placed,False,0,1.6,6217.6
PO000668,C039,SUP005,2026-03-22,2026-06-09,4385,0,4385,in_production,False,0,1.6,7016.0
PO000669,C039,SUP005,2026-05-04,2026-07-03,4520,0,4520,acknowledged,False,0,1.6,7232.0
PO000670,C039,SUP005,2026-06-18,2026-08-04,3627,0,3627,in_production,False,0,1.6,5803.2
PO000671,C039,SUP005,2026-07-21,2026-09-02,3986,0,3986,in_production,False,0,1.6,6377.6
PO000672,C039,SUP005,2026-07-16,2026-10-13,3503,0,3503,placed,False,0,1.6,5604.8
PO000673,C009,SUP009,2026-01-24,2026-04-06,7323,0,7323,acknowledged,False,0,8.9,65174.7
PO000674,C009,SUP009,2026-03-06,2026-05-13,9053,0,9053,in_production,False,0,8.9,80571.7
PO000675,C009,SUP009,2026-04-08,2026-06-05,9199,0,9199,acknowledged,False,0,8.9,81871.1
PO000676,C009,SUP009,2026-05-02,2026-07-03,8266,0,8266,placed,False,0,8.9,73567.4
PO000677,C009,SUP009,2026-07-15,2026-08-15,8246,0,8246,in_production,False,0,8.9,73389.4
PO000678,C009,SUP009,2026-07-06,2026-09-03,8678,0,8678,in_production,False,0,8.9,77234.2
PO000679,C009,SUP009,2026-08-28,2026-10-14,7733,0,7733,in_production,False,0,8.9,68823.7
PO000680,C088,SUP010,2026-01-24,2026-04-15,4810,0,4810,placed,False,0,0.68,3270.8
PO000681,C088,SUP010,2026-02-21,2026-05-14,5869,0,5869,placed,False,0,0.68,3990.92
PO000682,C088,SUP010,2026-03-29,2026-06-13,5525,0,5525,placed,False,0,0.68,3757.0
PO000683,C088,SUP010,2026-05-03,2026-07-10,5440,0,5440,placed,False,0,0.68,3699.2
PO000684,C088,SUP010,2026-07-01,2026-08-02,5282,0,5282,placed,False,0,0.68,3591.76
PO000685,C088,SUP010,2026-06-28,2026-09-15,4440,0,4440,acknowledged,False,0,0.68,3019.2
PO000686,C088,SUP010,2026-07-25,2026-10-10,4674,0,4674,placed,False,0,0.68,3178.32
PO000687,C007,SUP004,2026-02-25,2026-04-10,718,0,718,placed,False,0,14.2,10195.6
PO000688,C007,SUP004,2026-03-25,2026-05-05,716,0,716,in_production,False,0,14.2,10167.2
PO000689,C007,SUP004,2026-04-09,2026-06-14,769,0,769,in_production,False,0,14.2,10919.8
PO000690,C007,SUP004,2026-04-14,2026-07-08,633,0,633,in_production,False,0,14.2,8988.6
PO000691,C007,SUP004,2026-07-01,2026-08-12,624,0,624,acknowledged,False,0,14.2,8860.8
PO000692,C007,SUP004,2026-08-03,2026-09-05,514,0,514,in_production,False,0,14.2,7298.8
PO000693,C007,SUP004,2026-07-23,2026-10-14,561,0,561,placed,False,0,14.2,7966.2
PO000694,C065,SUP009,2026-03-07,2026-04-15,4184,0,4184,in_production,False,0,0.85,3556.4
PO000695,C065,SUP009,2026-03-02,2026-05-11,4656,0,4656,placed,False,0,0.85,3957.6
PO000696,C065,SUP009,2026-05-05,2026-06-09,5645,0,5645,placed,False,0,0.85,4798.25
PO000697,C065,SUP009,2026-04-21,2026-07-08,3880,0,3880,placed,False,0,0.85,3298.0
PO000698,C065,SUP009,2026-05-25,2026-08-11,4178,0,4178,placed,False,0,0.85,3551.3
PO000699,C065,SUP009,2026-06-17,2026-09-04,3722,0,3722,acknowledged,False,0,0.85,3163.7
PO000700,C065,SUP009,2026-09-07,2026-10-09,3965,0,3965,in_production,False,0,0.85,3370.25
PO000701,C037,SUP001,2026-01-23,2026-04-09,4384,0,4384,placed,False,0,1.8,7891.2
PO000702,C037,SUP001,2026-03-10,2026-05-15,4845,0,4845,acknowledged,False,0,1.8,8721.0
PO000703,C037,SUP001,2026-05-08,2026-06-09,5525,0,5525,in_production,False,0,1.8,9945.0
PO000704,C037,SUP001,2026-06-08,2026-07-10,5283,0,5283,placed,False,0,1.8,9509.4
PO000705,C037,SUP001,2026-07-04,2026-08-11,5612,0,5612,in_production,False,0,1.8,10101.6
PO000706,C037,SUP001,2026-07-28,2026-09-06,4394,0,4394,in_production,False,0,1.8,7909.2
PO000707,C037,SUP001,2026-08-30,2026-10-13,4154,0,4154,acknowledged,False,0,1.8,7477.2
PO000708,C081,SUP005,2026-01-19,2026-04-06,4411,0,4411,acknowledged,False,0,5.2,22937.2
PO000709,C081,SUP005,2026-02-06,2026-05-06,5183,0,5183,placed,False,0,5.2,26951.6
PO000710,C081,SUP005,2026-04-29,2026-06-14,5069,0,5069,acknowledged,False,0,5.2,26358.8
PO000711,C081,SUP005,2026-05-18,2026-07-15,4735,0,4735,in_production,False,0,5.2,24622.0
PO000712,C081,SUP005,2026-06-01,2026-08-09,4546,0,4546,acknowledged,False,0,5.2,23639.2
PO000713,C081,SUP005,2026-07-02,2026-09-14,4755,0,4755,placed,False,0,5.2,24726.0
PO000714,C081,SUP005,2026-08-20,2026-10-04,4195,0,4195,placed,False,0,5.2,21814.0
PO000715,C090,SUP010,2026-02-27,2026-04-10,19616,0,19616,in_production,False,0,0.95,18635.2
PO000716,C090,SUP010,2026-02-24,2026-05-06,21313,0,21313,in_production,False,0,0.95,20247.35
PO000717,C090,SUP010,2026-05-08,2026-06-13,22946,0,22946,placed,False,0,0.95,21798.7
PO000718,C090,SUP010,2026-04-16,2026-07-11,22747,0,22747,in_production,False,0,0.95,21609.65
PO000719,C090,SUP010,2026-07-03,2026-08-11,22817,0,22817,in_production,False,0,0.95,21676.15
PO000720,C090,SUP010,2026-07-10,2026-09-08,19381,0,19381,acknowledged,False,0,0.95,18411.95
PO000721,C090,SUP010,2026-09-03,2026-10-15,19362,0,19362,placed,False,0,0.95,18393.9
PO000722,C055,SUP009,2026-02-01,2026-04-03,7387,0,7387,placed,False,0,3.4,25115.8
PO000723,C055,SUP009,2026-02-21,2026-05-02,7988,0,7988,placed,False,0,3.4,27159.2
PO000724,C055,SUP009,2026-03-06,2026-06-03,7209,0,7209,placed,False,0,3.4,24510.6
PO000725,C055,SUP009,2026-05-20,2026-07-07,8294,0,8294,acknowledged,False,0,3.4,28199.6
PO000726,C055,SUP009,2026-06-10,2026-08-10,6789,0,6789,acknowledged,False,0,3.4,23082.6
PO000727,C055,SUP009,2026-07-31,2026-09-13,7380,0,7380,acknowledged,False,0,3.4,25092.0
PO000728,C055,SUP009,2026-09-04,2026-10-07,7041,0,7041,acknowledged,False,0,3.4,23939.4
PO000729,C044,SUP004,2026-02-20,2026-04-02,4426,0,4426,acknowledged,False,0,1.1,4868.6
PO000730,C044,SUP004,2026-04-07,2026-05-07,4156,0,4156,acknowledged,False,0,1.1,4571.6
PO000731,C044,SUP004,2026-04-26,2026-06-12,3977,0,3977,acknowledged,False,0,1.1,4374.7
PO000732,C044,SUP004,2026-06-03,2026-07-14,4279,0,4279,in_production,False,0,1.1,4706.9
PO000733,C044,SUP004,2026-07-04,2026-08-14,3747,0,3747,in_production,False,0,1.1,4121.7
PO000734,C044,SUP004,2026-07-29,2026-09-02,3324,0,3324,in_production,False,0,1.1,3656.4
PO000735,C044,SUP004,2026-08-25,2026-10-04,3495,0,3495,acknowledged,False,0,1.1,3844.5
PO000736,C051,SUP009,2026-01-18,2026-04-03,733,0,733,acknowledged,False,0,1.9,1392.7
PO000737,C051,SUP009,2026-02-27,2026-05-02,824,0,824,placed,False,0,1.9,1565.6
PO000738,C051,SUP009,2026-04-11,2026-06-08,1039,0,1039,placed,False,0,1.9,1974.1
PO000739,C051,SUP009,2026-04-18,2026-07-03,963,0,963,acknowledged,False,0,1.9,1829.7
PO000740,C051,SUP009,2026-06-17,2026-08-12,926,0,926,in_production,False,0,1.9,1759.4
PO000741,C051,SUP009,2026-06-20,2026-09-13,821,0,821,placed,False,0,1.9,1559.9
PO000742,C051,SUP009,2026-07-10,2026-10-06,718,0,718,acknowledged,False,0,1.9,1364.2
PO000743,C047,SUP007,2026-03-05,2026-04-06,4825,0,4825,in_production,False,0,1.25,6031.25
PO000744,C047,SUP007,2026-03-07,2026-05-13,5043,0,5043,in_production,False,0,1.25,6303.75
PO000745,C047,SUP007,2026-03-18,2026-06-04,5185,0,5185,placed,False,0,1.25,6481.25
PO000746,C047,SUP007,2026-05-20,2026-07-03,5355,0,5355,in_production,False,0,1.25,6693.75
PO000747,C047,SUP007,2026-06-22,2026-08-15,5454,0,5454,placed,False,0,1.25,6817.5
PO000748,C047,SUP007,2026-07-27,2026-09-09,4895,0,4895,in_production,False,0,1.25,6118.75
PO000749,C047,SUP007,2026-08-30,2026-10-05,4565,0,4565,in_production,False,0,1.25,5706.25
PO000750,C062,SUP002,2026-01-21,2026-04-13,4613,0,4613,acknowledged,False,0,2.5,11532.5
PO000751,C062,SUP002,2026-04-01,2026-05-15,4213,0,4213,placed,False,0,2.5,10532.5
PO000752,C062,SUP002,2026-04-23,2026-06-08,3777,0,3777,acknowledged,False,0,2.5,9442.5
PO000753,C062,SUP002,2026-05-28,2026-07-05,4049,0,4049,acknowledged,False,0,2.5,10122.5
PO000754,C062,SUP002,2026-06-23,2026-08-13,4043,0,4043,acknowledged,False,0,2.5,10107.5
PO000755,C062,SUP002,2026-07-12,2026-09-03,3595,0,3595,in_production,False,0,2.5,8987.5
PO000756,C062,SUP002,2026-08-26,2026-10-02,4004,0,4004,placed,False,0,2.5,10010.0
PO000757,C089,SUP010,2026-01-18,2026-04-03,6515,0,6515,in_production,False,0,1.2,7818.0
PO000758,C089,SUP010,2026-02-27,2026-05-12,8109,0,8109,placed,False,0,1.2,9730.8
PO000759,C089,SUP010,2026-03-29,2026-06-07,7994,0,7994,in_production,False,0,1.2,9592.8
PO000760,C089,SUP010,2026-04-30,2026-07-09,7658,0,7658,placed,False,0,1.2,9189.6
PO000761,C089,SUP010,2026-06-15,2026-08-15,6723,0,6723,in_production,False,0,1.2,8067.6
PO000762,C089,SUP010,2026-07-12,2026-09-07,6938,0,6938,placed,False,0,1.2,8325.6
PO000763,C089,SUP010,2026-07-06,2026-10-03,5965,0,5965,placed,False,0,1.2,7158.0
PO000764,C016,SUP006,2026-01-22,2026-04-02,3115,0,3115,placed,False,0,7.2,22428.0
PO000765,C016,SUP006,2026-02-22,2026-05-14,3499,0,3499,acknowledged,False,0,7.2,25192.8
PO000766,C016,SUP006,2026-03-28,2026-06-03,3228,0,3228,in_production,False,0,7.2,23241.6
PO000767,C016,SUP006,2026-04-23,2026-07-11,3177,0,3177,in_production,False,0,7.2,22874.4
PO000768,C016,SUP006,2026-05-27,2026-08-08,2959,0,2959,placed,False,0,7.2,21304.8
PO000769,C016,SUP006,2026-08-13,2026-09-14,3227,0,3227,in_production,False,0,7.2,23234.4
PO000770,C016,SUP006,2026-08-30,2026-10-07,2415,0,2415,in_production,False,0,7.2,17388.0
PO000771,C073,SUP003,2026-01-21,2026-04-10,3781,0,3781,acknowledged,False,0,2.1,7940.1
PO000772,C073,SUP003,2026-02-18,2026-05-05,3496,0,3496,in_production,False,0,2.1,7341.6
PO000773,C073,SUP003,2026-04-24,2026-06-12,3872,0,3872,acknowledged,False,0,2.1,8131.2
PO000774,C073,SUP003,2026-06-09,2026-07-11,4053,0,4053,in_production,False,0,2.1,8511.3
PO000775,C073,SUP003,2026-06-29,2026-08-11,3467,0,3467,in_production,False,0,2.1,7280.7
PO000776,C073,SUP003,2026-07-23,2026-09-13,3586,0,3586,placed,False,0,2.1,7530.6
PO000777,C073,SUP003,2026-07-09,2026-10-04,3150,0,3150,in_production,False,0,2.1,6615.0
PO000778,C042,SUP001,2026-01-21,2026-04-05,5254,0,5254,placed,False,0,0.78,4098.12
PO000779,C042,SUP001,2026-03-08,2026-05-08,5829,0,5829,in_production,False,0,0.78,4546.62
PO000780,C042,SUP001,2026-04-21,2026-06-07,5508,0,5508,in_production,False,0,0.78,4296.24
PO000781,C042,SUP001,2026-04-30,2026-07-09,5385,0,5385,in_production,False,0,0.78,4200.3
PO000782,C042,SUP001,2026-05-23,2026-08-11,5308,0,5308,in_production,False,0,0.78,4140.24
PO000783,C042,SUP001,2026-07-25,2026-09-07,4682,0,4682,placed,False,0,0.78,3651.96
PO000784,C042,SUP001,2026-08-04,2026-10-02,4971,0,4971,placed,False,0,0.78,3877.38
PO000785,C059,SUP008,2026-02-20,2026-04-14,5652,0,5652,placed,False,0,8.2,46346.4
PO000786,C059,SUP008,2026-03-25,2026-05-13,6090,0,6090,acknowledged,False,0,8.2,49938.0
PO000787,C059,SUP008,2026-04-06,2026-06-10,6411,0,6411,acknowledged,False,0,8.2,52570.2
PO000788,C059,SUP008,2026-06-04,2026-07-05,6474,0,6474,in_production,False,0,8.2,53086.8
PO000789,C059,SUP008,2026-05-31,2026-08-07,6261,0,6261,acknowledged,False,0,8.2,51340.2
PO000790,C059,SUP008,2026-06-20,2026-09-11,5812,0,5812,placed,False,0,8.2,47658.4
PO000791,C059,SUP008,2026-08-28,2026-10-14,4603,0,4603,placed,False,0,8.2,37744.6
PO000792,C049,SUP005,2026-02-08,2026-04-04,2749,0,2749,acknowledged,False,0,2.4,6597.6
PO000793,C049,SUP005,2026-03-31,2026-05-13,2404,0,2404,acknowledged,False,0,2.4,5769.6
PO000794,C049,SUP005,2026-05-03,2026-06-06,2886,0,2886,acknowledged,False,0,2.4,6926.4
PO000795,C049,SUP005,2026-04-23,2026-07-15,2434,0,2434,placed,False,0,2.4,5841.6
PO000796,C049,SUP005,2026-06-02,2026-08-09,2446,0,2446,placed,False,0,2.4,5870.4
PO000797,C049,SUP005,2026-08-04,2026-09-08,2541,0,2541,placed,False,0,2.4,6098.4
PO000798,C049,SUP005,2026-08-14,2026-10-10,2339,0,2339,acknowledged,False,0,2.4,5613.6
PO000799,C080,SUP005,2026-03-07,2026-04-06,2827,0,2827,placed,False,0,3.6,10177.2
PO000800,C080,SUP005,2026-04-03,2026-05-12,2586,0,2586,in_production,False,0,3.6,9309.6
PO000801,C080,SUP005,2026-04-14,2026-06-11,2373,0,2373,acknowledged,False,0,3.6,8542.8
PO000802,C080,SUP005,2026-06-10,2026-07-10,2492,0,2492,placed,False,0,3.6,8971.2
PO000803,C080,SUP005,2026-07-02,2026-08-12,2415,0,2415,placed,False,0,3.6,8694.0
PO000804,C080,SUP005,2026-07-20,2026-09-07,2123,0,2123,placed,False,0,3.6,7642.8
PO000805,C080,SUP005,2026-08-26,2026-10-06,2093,0,2093,placed,False,0,3.6,7534.8
PO000806,C058,SUP008,2026-01-26,2026-04-09,1410,0,1410,in_production,False,0,14.5,20445.0
PO000807,C058,SUP008,2026-02-14,2026-05-13,1533,0,1533,placed,False,0,14.5,22228.5
PO000808,C058,SUP008,2026-05-15,2026-06-15,1344,0,1344,placed,False,0,14.5,19488.0
PO000809,C058,SUP008,2026-05-11,2026-07-05,1256,0,1256,placed,False,0,14.5,18212.0
PO000810,C058,SUP008,2026-06-30,2026-08-04,1196,0,1196,placed,False,0,14.5,17342.0
PO000811,C058,SUP008,2026-07-06,2026-09-06,1151,0,1151,placed,False,0,14.5,16689.5
PO000812,C058,SUP008,2026-08-03,2026-10-13,1153,0,1153,placed,False,0,14.5,16718.5
PO000813,C033,SUP005,2026-01-30,2026-04-12,4299,0,4299,acknowledged,False,0,0.9,3869.1
PO000814,C033,SUP005,2026-03-06,2026-05-03,4976,0,4976,placed,False,0,0.9,4478.4
PO000815,C033,SUP005,2026-03-25,2026-06-09,5023,0,5023,in_production,False,0,0.9,4520.7
PO000816,C033,SUP005,2026-05-07,2026-07-13,4712,0,4712,in_production,False,0,0.9,4240.8
PO000817,C033,SUP005,2026-05-25,2026-08-14,4041,0,4041,acknowledged,False,0,0.9,3636.9
PO000818,C033,SUP005,2026-08-02,2026-09-08,4058,0,4058,acknowledged,False,0,0.9,3652.2
PO000819,C033,SUP005,2026-09-01,2026-10-08,3885,0,3885,placed,False,0,0.9,3496.5
PO000820,C086,SUP010,2026-01-20,2026-04-06,9054,0,9054,acknowledged,False,0,0.38,3440.52
PO000821,C086,SUP010,2026-02-07,2026-05-02,9606,0,9606,in_production,False,0,0.38,3650.28
PO000822,C086,SUP010,2026-04-13,2026-06-11,11055,0,11055,acknowledged,False,0,0.38,4200.9
PO000823,C086,SUP010,2026-06-04,2026-07-11,9878,0,9878,in_production,False,0,0.38,3753.64
PO000824,C086,SUP010,2026-06-18,2026-08-13,9430,0,9430,placed,False,0,0.38,3583.4
PO000825,C086,SUP010,2026-08-03,2026-09-02,10239,0,10239,in_production,False,0,0.38,3890.82
PO000826,C086,SUP010,2026-07-25,2026-10-15,8721,0,8721,placed,False,0,0.38,3313.98
PO000827,C060,SUP009,2026-02-17,2026-04-15,7168,0,7168,acknowledged,False,0,2.3,16486.4
PO000828,C060,SUP009,2026-03-30,2026-05-07,8504,0,8504,placed,False,0,2.3,19559.2
PO000829,C060,SUP009,2026-05-07,2026-06-14,7709,0,7709,placed,False,0,2.3,17730.7
PO000830,C060,SUP009,2026-05-31,2026-07-10,7738,0,7738,acknowledged,False,0,2.3,17797.4
PO000831,C060,SUP009,2026-07-13,2026-08-15,6907,0,6907,acknowledged,False,0,2.3,15886.1
PO000832,C060,SUP009,2026-07-18,2026-09-03,6370,0,6370,placed,False,0,2.3,14651.0
PO000833,C060,SUP009,2026-07-22,2026-10-04,6737,0,6737,in_production,False,0,2.3,15495.1
PO000834,C064,SUP009,2026-01-22,2026-04-15,2478,0,2478,in_production,False,0,1.8,4460.4
PO000835,C064,SUP009,2026-03-22,2026-05-02,2371,0,2371,acknowledged,False,0,1.8,4267.8
PO000836,C064,SUP009,2026-04-19,2026-06-06,2603,0,2603,placed,False,0,1.8,4685.4
PO000837,C064,SUP009,2026-05-02,2026-07-02,2249,0,2249,placed,False,0,1.8,4048.2
PO000838,C064,SUP009,2026-06-13,2026-08-07,2158,0,2158,in_production,False,0,1.8,3884.4
PO000839,C064,SUP009,2026-08-03,2026-09-15,2422,0,2422,acknowledged,False,0,1.8,4359.6
PO000840,C064,SUP009,2026-09-08,2026-10-10,2036,0,2036,placed,False,0,1.8,3664.8
PO000841,C078,SUP003,2026-02-27,2026-04-03,3137,0,3137,placed,False,0,2.4,7528.8
PO000842,C078,SUP003,2026-03-30,2026-05-10,3162,0,3162,placed,False,0,2.4,7588.8
PO000843,C078,SUP003,2026-04-23,2026-06-06,3362,0,3362,in_production,False,0,2.4,8068.8
PO000844,C078,SUP003,2026-06-03,2026-07-08,3286,0,3286,acknowledged,False,0,2.4,7886.4
PO000845,C078,SUP003,2026-06-01,2026-08-12,3515,0,3515,placed,False,0,2.4,8436.0
PO000846,C078,SUP003,2026-06-20,2026-09-12,3007,0,3007,in_production,False,0,2.4,7216.8
PO000847,C078,SUP003,2026-08-06,2026-10-10,2432,0,2432,in_production,False,0,2.4,5836.8
PO000848,C038,SUP005,2026-02-14,2026-04-05,6262,0,6262,placed,False,0,1.4,8766.8
PO000849,C038,SUP005,2026-03-21,2026-05-03,6385,0,6385,placed,False,0,1.4,8939.0
PO000850,C038,SUP005,2026-03-17,2026-06-06,6498,0,6498,acknowledged,False,0,1.4,9097.2
PO000851,C038,SUP005,2026-05-10,2026-07-13,5749,0,5749,acknowledged,False,0,1.4,8048.6
PO000852,C038,SUP005,2026-07-03,2026-08-03,6519,0,6519,placed,False,0,1.4,9126.6
PO000853,C038,SUP005,2026-07-19,2026-09-11,6946,0,6946,acknowledged,False,0,1.4,9724.4
PO000854,C038,SUP005,2026-09-04,2026-10-13,5019,0,5019,in_production,False,0,1.4,7026.6
PO000855,C030,SUP008,2026-01-13,2026-04-08,7347,0,7347,placed,False,0,1.2,8816.4
PO000856,C030,SUP008,2026-02-15,2026-05-11,8011,0,8011,acknowledged,False,0,1.2,9613.2
PO000857,C030,SUP008,2026-03-21,2026-06-02,7898,0,7898,placed,False,0,1.2,9477.6
PO000858,C030,SUP008,2026-05-31,2026-07-12,7403,0,7403,in_production,False,0,1.2,8883.6
PO000859,C030,SUP008,2026-06-16,2026-08-06,7553,0,7553,placed,False,0,1.2,9063.6
PO000860,C030,SUP008,2026-07-20,2026-09-11,7540,0,7540,acknowledged,False,0,1.2,9048.0
PO000861,C030,SUP008,2026-09-04,2026-10-11,6277,0,6277,placed,False,0,1.2,7532.4
PO000862,C002,SUP002,2026-03-04,2026-04-06,2728,0,2728,acknowledged,False,0,22.0,60016.0
PO000863,C002,SUP002,2026-02-05,2026-05-05,3191,0,3191,in_production,False,0,22.0,70202.0
PO000864,C002,SUP002,2026-04-16,2026-06-03,3184,0,3184,acknowledged,False,0,22.0,70048.0
PO000865,C002,SUP002,2026-05-30,2026-07-03,2992,0,2992,in_production,False,0,22.0,65824.0
PO000866,C002,SUP002,2026-06-11,2026-08-13,2812,0,2812,placed,False,0,22.0,61864.0
PO000867,C002,SUP002,2026-07-13,2026-09-02,2586,0,2586,placed,False,0,22.0,56892.0
PO000868,C002,SUP002,2026-09-07,2026-10-13,2606,0,2606,in_production,False,0,22.0,57332.0
PO000869,C053,SUP002,2026-03-04,2026-04-15,2413,0,2413,placed,False,0,0.95,2292.35
PO000870,C053,SUP002,2026-04-09,2026-05-10,2813,0,2813,in_production,False,0,0.95,2672.35
PO000871,C053,SUP002,2026-05-02,2026-06-03,2877,0,2877,acknowledged,False,0,0.95,2733.15
PO000872,C053,SUP002,2026-04-29,2026-07-08,2858,0,2858,placed,False,0,0.95,2715.1
PO000873,C053,SUP002,2026-05-12,2026-08-09,2443,0,2443,acknowledged,False,0,0.95,2320.85
PO000874,C053,SUP002,2026-07-06,2026-09-11,2592,0,2592,acknowledged,False,0,0.95,2462.4
PO000875,C053,SUP002,2026-07-31,2026-10-14,2369,0,2369,placed,False,0,0.95,2250.55
PO000876,C003,SUP001,2026-02-25,2026-04-04,6593,0,6593,placed,False,0,15.8,104169.4
PO000877,C003,SUP001,2026-03-03,2026-05-10,6550,0,6550,placed,False,0,15.8,103490.0
PO000878,C003,SUP001,2026-03-06,2026-06-03,6096,0,6096,placed,False,0,15.8,96316.8
PO000879,C003,SUP001,2026-05-30,2026-07-06,5339,0,5339,acknowledged,False,0,15.8,84356.2
PO000880,C003,SUP001,2026-05-13,2026-08-04,5735,0,5735,placed,False,0,15.8,90613.0
PO000881,C003,SUP001,2026-08-03,2026-09-07,6008,0,6008,acknowledged,False,0,15.8,94926.4
PO000882,C003,SUP001,2026-07-28,2026-10-03,5448,0,5448,placed,False,0,15.8,86078.4
PO000883,C024,SUP001,2026-02-08,2026-04-08,10030,0,10030,acknowledged,False,0,8.4,84252.0
PO000884,C024,SUP001,2026-04-01,2026-05-05,9635,0,9635,placed,False,0,8.4,80934.0
PO000885,C024,SUP001,2026-03-18,2026-06-10,9423,0,9423,acknowledged,False,0,8.4,79153.2
PO000886,C024,SUP001,2026-04-17,2026-07-10,8240,0,8240,placed,False,0,8.4,69216.0
PO000887,C024,SUP001,2026-06-21,2026-08-09,8081,0,8081,in_production,False,0,8.4,67880.4
PO000888,C024,SUP001,2026-07-24,2026-09-14,9011,0,9011,in_production,False,0,8.4,75692.4
PO000889,C024,SUP001,2026-08-18,2026-10-06,7301,0,7301,placed,False,0,8.4,61328.4
PO000890,C084,SUP009,2026-02-16,2026-04-06,9164,0,9164,acknowledged,False,0,0.45,4123.8
PO000891,C084,SUP009,2026-03-02,2026-05-09,8478,0,8478,placed,False,0,0.45,3815.1
PO000892,C084,SUP009,2026-04-07,2026-06-13,9766,0,9766,acknowledged,False,0,0.45,4394.7
PO000893,C084,SUP009,2026-05-04,2026-07-05,8462,0,8462,in_production,False,0,0.45,3807.9
PO000894,C084,SUP009,2026-05-25,2026-08-03,7924,0,7924,placed,False,0,0.45,3565.8
PO000895,C084,SUP009,2026-08-03,2026-09-10,8286,0,8286,placed,False,0,0.45,3728.7
PO000896,C084,SUP009,2026-08-14,2026-10-05,7399,0,7399,acknowledged,False,0,0.45,3329.55
PO000897,C075,SUP005,2026-03-04,2026-04-08,6165,0,6165,in_production,False,0,4.8,29592.0
PO000898,C075,SUP005,2026-02-07,2026-05-07,7465,0,7465,placed,False,0,4.8,35832.0
PO000899,C075,SUP005,2026-03-29,2026-06-13,7201,0,7201,placed,False,0,4.8,34564.8
PO000900,C075,SUP005,2026-04-20,2026-07-03,7095,0,7095,in_production,False,0,4.8,34056.0
PO000901,C075,SUP005,2026-06-13,2026-08-11,7237,0,7237,acknowledged,False,0,4.8,34737.6
PO000902,C075,SUP005,2026-06-19,2026-09-08,5750,0,5750,acknowledged,False,0,4.8,27600.0
PO000903,C075,SUP005,2026-08-03,2026-10-06,6207,0,6207,acknowledged,False,0,4.8,29793.6
PO000904,C021,SUP003,2026-02-16,2026-04-04,6000,0,6000,acknowledged,False,0,4.5,27000.0
PO000905,C021,SUP003,2026-03-18,2026-05-11,6580,0,6580,acknowledged,False,0,4.5,29610.0
PO000906,C021,SUP003,2026-04-06,2026-06-07,6087,0,6087,in_production,False,0,4.5,27391.5
PO000907,C021,SUP003,2026-05-31,2026-07-15,6748,0,6748,acknowledged,False,0,4.5,30366.0
PO000908,C021,SUP003,2026-07-04,2026-08-05,6431,0,6431,in_production,False,0,4.5,28939.5
PO000909,C021,SUP003,2026-07-30,2026-09-10,5785,0,5785,placed,False,0,4.5,26032.5
PO000910,C021,SUP003,2026-08-04,2026-10-06,5189,0,5189,placed,False,0,4.5,23350.5
PO000911,C061,SUP009,2026-01-15,2026-04-14,3111,0,3111,placed,False,0,3.1,9644.1
PO000912,C061,SUP009,2026-03-19,2026-05-05,3270,0,3270,placed,False,0,3.1,10137.0
PO000913,C061,SUP009,2026-04-07,2026-06-07,3468,0,3468,placed,False,0,3.1,10750.8
PO000914,C061,SUP009,2026-04-05,2026-07-03,2863,0,2863,in_production,False,0,3.1,8875.3
PO000915,C061,SUP009,2026-07-01,2026-08-04,2883,0,2883,in_production,False,0,3.1,8937.3
PO000916,C061,SUP009,2026-08-10,2026-09-10,3227,0,3227,acknowledged,False,0,3.1,10003.7
PO000917,C061,SUP009,2026-08-15,2026-10-14,3007,0,3007,in_production,False,0,3.1,9321.7
PO000918,C072,SUP008,2026-02-25,2026-04-04,1355,0,1355,in_production,False,0,2.6,3523.0
PO000919,C072,SUP008,2026-02-27,2026-05-13,1143,0,1143,in_production,False,0,2.6,2971.8
PO000920,C072,SUP008,2026-04-12,2026-06-13,1357,0,1357,in_production,False,0,2.6,3528.2
PO000921,C072,SUP008,2026-04-29,2026-07-06,1297,0,1297,placed,False,0,2.6,3372.2
PO000922,C072,SUP008,2026-06-07,2026-08-13,1211,0,1211,in_production,False,0,2.6,3148.6
PO000923,C072,SUP008,2026-06-17,2026-09-06,1316,0,1316,in_production,False,0,2.6,3421.6
PO000924,C072,SUP008,2026-08-11,2026-10-14,1217,0,1217,in_production,False,0,2.6,3164.2
PO000925,C015,SUP004,2026-02-23,2026-04-07,9205,0,9205,in_production,False,0,6.5,59832.5
PO000926,C015,SUP004,2026-04-03,2026-05-07,10322,0,10322,acknowledged,False,0,6.5,67093.0
PO000927,C015,SUP004,2026-04-20,2026-06-15,9782,0,9782,placed,False,0,6.5,63583.0
PO000928,C015,SUP004,2026-05-28,2026-07-06,8973,0,8973,in_production,False,0,6.5,58324.5
PO000929,C015,SUP004,2026-07-05,2026-08-08,8672,0,8672,placed,False,0,6.5,56368.0
PO000930,C015,SUP004,2026-06-24,2026-09-11,8734,0,8734,placed,False,0,6.5,56771.0
PO000931,C015,SUP004,2026-07-29,2026-10-03,8841,0,8841,placed,False,0,6.5,57466.5
PO000932,C052,SUP009,2026-01-28,2026-04-02,3539,0,3539,placed,False,0,2.8,9909.2
PO000933,C052,SUP009,2026-02-14,2026-05-06,3832,0,3832,in_production,False,0,2.8,10729.6
PO000934,C052,SUP009,2026-05-13,2026-06-15,3648,0,3648,acknowledged,False,0,2.8,10214.4
PO000935,C052,SUP009,2026-05-27,2026-07-13,4023,0,4023,in_production,False,0,2.8,11264.4
PO000936,C052,SUP009,2026-06-08,2026-08-05,3488,0,3488,acknowledged,False,0,2.8,9766.4
PO000937,C052,SUP009,2026-07-31,2026-09-11,3996,0,3996,placed,False,0,2.8,11188.8
PO000938,C052,SUP009,2026-07-09,2026-10-02,3573,0,3573,placed,False,0,2.8,10004.4
